[    3213ms] [INFO] %cDownload the React DevTools for a better development experience: https://reactjs.org/link/react-devtools font-weight:bold @ webpack-internal:///(app-pages-browser)/./node_modules/next/dist/compiled/react-dom/cjs/react-dom.development.js:38559
[    3342ms] [ERROR] Failed to load resource: the server responded with a status of 404 (Not Found) @ http://localhost:3000/favicon.ico:0
[   91907ms] Error: Invalid easing type 'expo.out'
    at invariant (webpack-internal:///(app-pages-browser)/./node_modules/motion-utils/dist/es/errors.mjs:19:19)
    at easingDefinitionToFunction (webpack-internal:///(app-pages-browser)/./node_modules/framer-motion/dist/es/easing/utils/map.mjs:42:64)
    at keyframes (webpack-internal:///(app-pages-browser)/./node_modules/framer-motion/dist/es/animation/generators/keyframes.mjs:29:92)
    at MainThreadAnimation.initPlayback (webpack-internal:///(app-pages-browser)/./node_modules/framer-motion/dist/es/animation/animators/MainThreadAnimation.mjs:121:27)
    at MainThreadAnimation.onKeyframesResolved (webpack-internal:///(app-pages-browser)/./node_modules/framer-motion/dist/es/animation/animators/BaseAnimation.mjs:97:40)
    at DOMKeyframesResolver.onResolved [as onComplete] (webpack-internal:///(app-pages-browser)/./node_modules/framer-motion/dist/es/animation/animators/MainThreadAnimation.mjs:89:71)
    at DOMKeyframesResolver.complete (webpack-internal:///(app-pages-browser)/./node_modules/framer-motion/dist/es/render/utils/KeyframesResolver.mjs:156:14)
    at eval (webpack-internal:///(app-pages-browser)/./node_modules/framer-motion/dist/es/render/utils/KeyframesResolver.mjs:54:46)
    at Set.forEach (<anonymous>)
    at measureAllKeyframes (webpack-internal:///(app-pages-browser)/./node_modules/framer-motion/dist/es/render/utils/KeyframesResolver.mjs:54:15)
    at triggerCallback (webpack-internal:///(app-pages-browser)/./node_modules/framer-motion/dist/es/frameloop/render-step.mjs:32:9)
    at Set.forEach (<anonymous>)
    at Object.process (webpack-internal:///(app-pages-browser)/./node_modules/framer-motion/dist/es/frameloop/render-step.mjs:71:23)
    at processBatch (webpack-internal:///(app-pages-browser)/./node_modules/framer-motion/dist/es/frameloop/batcher.mjs:46:26)
[  283738ms] [LOG] [Fast Refresh] rebuilding @ webpack-internal:///(app-pages-browser)/./node_modules/next/dist/client/components/react-dev-overlay/app/hot-reloader-client.js:186
[  284044ms] [LOG] [Fast Refresh] rebuilding @ webpack-internal:///(app-pages-browser)/./node_modules/next/dist/client/components/react-dev-overlay/app/hot-reloader-client.js:186
[  284068ms] [LOG] [Fast Refresh] done in 24ms @ webpack-internal:///(app-pages-browser)/./node_modules/next/dist/client/components/react-dev-overlay/app/hot-reloader-client.js:43
[  284170ms] [LOG] [Fast Refresh] done in 127ms @ webpack-internal:///(app-pages-browser)/./node_modules/next/dist/client/components/react-dev-overlay/app/hot-reloader-client.js:43
[  287200ms] [WARNING] The resource http://localhost:3000/_next/static/css/app/layout.css?v=1780087701123 was preloaded using link preload but not used within a few seconds from the window's load event. Please make sure it has an appropriate `as` value and it is preloaded intentionally. @ http://localhost:3000/:0
[  321987ms] [LOG] [Fast Refresh] rebuilding @ webpack-internal:///(app-pages-browser)/./node_modules/next/dist/client/components/react-dev-overlay/app/hot-reloader-client.js:186
[  322184ms] [LOG] [Fast Refresh] done in 196ms @ webpack-internal:///(app-pages-browser)/./node_modules/next/dist/client/components/react-dev-overlay/app/hot-reloader-client.js:43
[  325236ms] [WARNING] The resource http://localhost:3000/_next/static/css/app/layout.css?v=1780087701123 was preloaded using link preload but not used within a few seconds from the window's load event. Please make sure it has an appropriate `as` value and it is preloaded intentionally. @ http://localhost:3000/:0
[  330476ms] [LOG] [Fast Refresh] rebuilding @ webpack-internal:///(app-pages-browser)/./node_modules/next/dist/client/components/react-dev-overlay/app/hot-reloader-client.js:186
[  330740ms] [LOG] [Fast Refresh] done in 264ms @ webpack-internal:///(app-pages-browser)/./node_modules/next/dist/client/components/react-dev-overlay/app/hot-reloader-client.js:43
[  333745ms] [WARNING] The resource http://localhost:3000/_next/static/css/app/layout.css?v=1780087701123 was preloaded using link preload but not used within a few seconds from the window's load event. Please make sure it has an appropriate `as` value and it is preloaded intentionally. @ http://localhost:3000/:0
[  350949ms] [LOG] [Fast Refresh] rebuilding @ webpack-internal:///(app-pages-browser)/./node_modules/next/dist/client/components/react-dev-overlay/app/hot-reloader-client.js:186
[  351218ms] Error: Invalid easing type 'expo.out'
    at invariant (webpack-internal:///(app-pages-browser)/./node_modules/motion-utils/dist/es/errors.mjs:19:19)
    at easingDefinitionToFunction (webpack-internal:///(app-pages-browser)/./node_modules/framer-motion/dist/es/easing/utils/map.mjs:42:64)
    at keyframes (webpack-internal:///(app-pages-browser)/./node_modules/framer-motion/dist/es/animation/generators/keyframes.mjs:29:92)
    at MainThreadAnimation.initPlayback (webpack-internal:///(app-pages-browser)/./node_modules/framer-motion/dist/es/animation/animators/MainThreadAnimation.mjs:121:27)
    at MainThreadAnimation.onKeyframesResolved (webpack-internal:///(app-pages-browser)/./node_modules/framer-motion/dist/es/animation/animators/BaseAnimation.mjs:97:40)
    at DOMKeyframesResolver.onResolved [as onComplete] (webpack-internal:///(app-pages-browser)/./node_modules/framer-motion/dist/es/animation/animators/MainThreadAnimation.mjs:89:71)
    at DOMKeyframesResolver.complete (webpack-internal:///(app-pages-browser)/./node_modules/framer-motion/dist/es/render/utils/KeyframesResolver.mjs:156:14)
    at eval (webpack-internal:///(app-pages-browser)/./node_modules/framer-motion/dist/es/render/utils/KeyframesResolver.mjs:54:46)
    at Set.forEach (<anonymous>)
    at measureAllKeyframes (webpack-internal:///(app-pages-browser)/./node_modules/framer-motion/dist/es/render/utils/KeyframesResolver.mjs:54:15)
    at flushKeyframeResolvers (webpack-internal:///(app-pages-browser)/./node_modules/framer-motion/dist/es/render/utils/KeyframesResolver.mjs:67:5)
    at get resolved (webpack-internal:///(app-pages-browser)/./node_modules/framer-motion/dist/es/animation/animators/BaseAnimation.mjs:66:104)
    at get state (webpack-internal:///(app-pages-browser)/./node_modules/framer-motion/dist/es/animation/animators/AcceleratedAnimation.mjs:205:17)
    at AcceleratedAnimation.stop (webpack-internal:///(app-pages-browser)/./node_modules/framer-motion/dist/es/animation/animators/AcceleratedAnimation.mjs:259:18)
    at MotionValue.stop (webpack-internal:///(app-pages-browser)/./node_modules/framer-motion/dist/es/value/index.mjs:291:28)
    at eval (webpack-internal:///(app-pages-browser)/./node_modules/framer-motion/dist/es/render/VisualElement.mjs:249:23)
    at eval (webpack-internal:///(app-pages-browser)/./node_modules/framer-motion/dist/es/render/VisualElement.mjs:210:53)
    at Map.forEach (<anonymous>)
    at HTMLVisualElement.unmount (webpack-internal:///(app-pages-browser)/./node_modules/framer-motion/dist/es/render/VisualElement.mjs:210:33)
    at eval (webpack-internal:///(app-pages-browser)/./node_modules/framer-motion/dist/es/motion/utils/use-motion-ref.mjs:24:31)
    at safelyDetachRef (webpack-internal:///(app-pages-browser)/./node_modules/next/dist/compiled/react-dom/cjs/react-dom.development.js:20844:22)
    at commitDeletionEffectsOnFiber (webpack-internal:///(app-pages-browser)/./node_modules/next/dist/compiled/react-dom/cjs/react-dom.development.js:22084:11)
    at recursivelyTraverseDeletionEffects (webpack-internal:///(app-pages-browser)/./node_modules/next/dist/compiled/react-dom/cjs/react-dom.development.js:22026:5)
    at commitDeletionEffectsOnFiber (webpack-internal:///(app-pages-browser)/./node_modules/next/dist/compiled/react-dom/cjs/react-dom.development.js:22254:9)
    at recursivelyTraverseDeletionEffects (webpack-internal:///(app-pages-browser)/./node_modules/next/dist/compiled/react-dom/cjs/react-dom.development.js:22026:5)
    at commitDeletionEffectsOnFiber (webpack-internal:///(app-pages-browser)/./node_modules/next/dist/compiled/react-dom/cjs/react-dom.development.js:22201:9)
    at recursivelyTraverseDeletionEffects (webpack-internal:///(app-pages-browser)/./node_modules/next/dist/compiled/react-dom/cjs/react-dom.development.js:22026:5)
    at commitDeletionEffectsOnFiber (webpack-internal:///(app-pages-browser)/./node_modules/next/dist/compiled/react-dom/cjs/react-dom.development.js:22254:9)
    at recursivelyTraverseDeletionEffects (webpack-internal:///(app-pages-browser)/./node_modules/next/dist/compiled/react-dom/cjs/react-dom.development.js:22026:5)
    at commitDeletionEffectsOnFiber (webpack-internal:///(app-pages-browser)/./node_modules/next/dist/compiled/react-dom/cjs/react-dom.development.js:22201:9)
    at recursivelyTraverseDeletionEffects (webpack-internal:///(app-pages-browser)/./node_modules/next/dist/compiled/react-dom/cjs/react-dom.development.js:22026:5)
    at commitDeletionEffectsOnFiber (webpack-internal:///(app-pages-browser)/./node_modules/next/dist/compiled/react-dom/cjs/react-dom.development.js:22201:9)
    at recursivelyTraverseDeletionEffects (webpack-internal:///(app-pages-browser)/./node_modules/next/dist/compiled/react-dom/cjs/react-dom.development.js:22026:5)
    at commitDeletionEffectsOnFiber (webpack-internal:///(app-pages-browser)/./node_modules/next/dist/compiled/react-dom/cjs/react-dom.development.js:22098:11)
    at recursivelyTraverseDeletionEffects (webpack-internal:///(app-pages-browser)/./node_modules/next/dist/compiled/react-dom/cjs/react-dom.development.js:22026:5)
    at commitDeletionEffectsOnFiber (webpack-internal:///(app-pages-browser)/./node_modules/next/dist/compiled/react-dom/cjs/react-dom.development.js:22201:9)
    at commitDeletionEffects (webpack-internal:///(app-pages-browser)/./node_modules/next/dist/compiled/react-dom/cjs/react-dom.development.js:22013:5)
    at recursivelyTraverseMutationEffects (webpack-internal:///(app-pages-browser)/./node_modules/next/dist/compiled/react-dom/cjs/react-dom.development.js:22413:9)
    at commitMutationEffectsOnFiber (webpack-internal:///(app-pages-browser)/./node_modules/next/dist/compiled/react-dom/cjs/react-dom.development.js:22449:9)
    at recursivelyTraverseMutationEffects (webpack-internal:///(app-pages-browser)/./node_modules/next/dist/compiled/react-dom/cjs/react-dom.development.js:22427:7)
    at commitMutationEffectsOnFiber (webpack-internal:///(app-pages-browser)/./node_modules/next/dist/compiled/react-dom/cjs/react-dom.development.js:22876:9)
    at recursivelyTraverseMutationEffects (webpack-internal:///(app-pages-browser)/./node_modules/next/dist/compiled/react-dom/cjs/react-dom.development.js:22427:7)
    at commitMutationEffectsOnFiber (webpack-internal:///(app-pages-browser)/./node_modules/next/dist/compiled/react-dom/cjs/react-dom.development.js:22876:9)
    at recursivelyTraverseMutationEffects (webpack-internal:///(app-pages-browser)/./node_modules/next/dist/compiled/react-dom/cjs/react-dom.development.js:22427:7)
    at commitMutationEffectsOnFiber (webpack-internal:///(app-pages-browser)/./node_modules/next/dist/compiled/react-dom/cjs/react-dom.development.js:22449:9)
    at recursivelyTraverseMutationEffects (webpack-internal:///(app-pages-browser)/./node_modules/next/dist/compiled/react-dom/cjs/react-dom.development.js:22427:7)
    at commitMutationEffectsOnFiber (webpack-internal:///(app-pages-browser)/./node_modules/next/dist/compiled/react-dom/cjs/react-dom.development.js:22488:9)
    at recursivelyTraverseMutationEffects (webpack-internal:///(app-pages-browser)/./node_modules/next/dist/compiled/react-dom/cjs/react-dom.development.js:22427:7)
    at commitMutationEffectsOnFiber (webpack-internal:///(app-pages-browser)/./node_modules/next/dist/compiled/react-dom/cjs/react-dom.development.js:22449:9)
    at recursivelyTraverseMutationEffects (webpack-internal:///(app-pages-browser)/./node_modules/next/dist/compiled/react-dom/cjs/react-dom.development.js:22427:7)
[  351230ms] Error: Invalid easing type 'expo.out'
    at invariant (webpack-internal:///(app-pages-browser)/./node_modules/motion-utils/dist/es/errors.mjs:19:19)
    at easingDefinitionToFunction (webpack-internal:///(app-pages-browser)/./node_modules/framer-motion/dist/es/easing/utils/map.mjs:42:64)
    at keyframes (webpack-internal:///(app-pages-browser)/./node_modules/framer-motion/dist/es/animation/generators/keyframes.mjs:29:92)
    at MainThreadAnimation.initPlayback (webpack-internal:///(app-pages-browser)/./node_modules/framer-motion/dist/es/animation/animators/MainThreadAnimation.mjs:121:27)
    at MainThreadAnimation.onKeyframesResolved (webpack-internal:///(app-pages-browser)/./node_modules/framer-motion/dist/es/animation/animators/BaseAnimation.mjs:97:40)
    at DOMKeyframesResolver.onResolved [as onComplete] (webpack-internal:///(app-pages-browser)/./node_modules/framer-motion/dist/es/animation/animators/MainThreadAnimation.mjs:89:71)
    at DOMKeyframesResolver.complete (webpack-internal:///(app-pages-browser)/./node_modules/framer-motion/dist/es/render/utils/KeyframesResolver.mjs:156:14)
    at eval (webpack-internal:///(app-pages-browser)/./node_modules/framer-motion/dist/es/render/utils/KeyframesResolver.mjs:54:46)
    at Set.forEach (<anonymous>)
    at measureAllKeyframes (webpack-internal:///(app-pages-browser)/./node_modules/framer-motion/dist/es/render/utils/KeyframesResolver.mjs:54:15)
    at flushKeyframeResolvers (webpack-internal:///(app-pages-browser)/./node_modules/framer-motion/dist/es/render/utils/KeyframesResolver.mjs:67:5)
    at get resolved (webpack-internal:///(app-pages-browser)/./node_modules/framer-motion/dist/es/animation/animators/BaseAnimation.mjs:66:104)
    at get state (webpack-internal:///(app-pages-browser)/./node_modules/framer-motion/dist/es/animation/animators/AcceleratedAnimation.mjs:205:17)
    at AcceleratedAnimation.stop (webpack-internal:///(app-pages-browser)/./node_modules/framer-motion/dist/es/animation/animators/AcceleratedAnimation.mjs:259:18)
    at MotionValue.stop (webpack-internal:///(app-pages-browser)/./node_modules/framer-motion/dist/es/value/index.mjs:291:28)
    at eval (webpack-internal:///(app-pages-browser)/./node_modules/framer-motion/dist/es/render/VisualElement.mjs:249:23)
    at eval (webpack-internal:///(app-pages-browser)/./node_modules/framer-motion/dist/es/render/VisualElement.mjs:210:53)
    at Map.forEach (<anonymous>)
    at HTMLVisualElement.unmount (webpack-internal:///(app-pages-browser)/./node_modules/framer-motion/dist/es/render/VisualElement.mjs:210:33)
    at eval (webpack-internal:///(app-pages-browser)/./node_modules/framer-motion/dist/es/motion/utils/use-motion-ref.mjs:24:31)
    at safelyDetachRef (webpack-internal:///(app-pages-browser)/./node_modules/next/dist/compiled/react-dom/cjs/react-dom.development.js:20844:22)
    at commitDeletionEffectsOnFiber (webpack-internal:///(app-pages-browser)/./node_modules/next/dist/compiled/react-dom/cjs/react-dom.development.js:22084:11)
    at recursivelyTraverseDeletionEffects (webpack-internal:///(app-pages-browser)/./node_modules/next/dist/compiled/react-dom/cjs/react-dom.development.js:22026:5)
    at commitDeletionEffectsOnFiber (webpack-internal:///(app-pages-browser)/./node_modules/next/dist/compiled/react-dom/cjs/react-dom.development.js:22254:9)
    at recursivelyTraverseDeletionEffects (webpack-internal:///(app-pages-browser)/./node_modules/next/dist/compiled/react-dom/cjs/react-dom.development.js:22026:5)
    at commitDeletionEffectsOnFiber (webpack-internal:///(app-pages-browser)/./node_modules/next/dist/compiled/react-dom/cjs/react-dom.development.js:22201:9)
    at recursivelyTraverseDeletionEffects (webpack-internal:///(app-pages-browser)/./node_modules/next/dist/compiled/react-dom/cjs/react-dom.development.js:22026:5)
    at commitDeletionEffectsOnFiber (webpack-internal:///(app-pages-browser)/./node_modules/next/dist/compiled/react-dom/cjs/react-dom.development.js:22254:9)
    at recursivelyTraverseDeletionEffects (webpack-internal:///(app-pages-browser)/./node_modules/next/dist/compiled/react-dom/cjs/react-dom.development.js:22026:5)
    at commitDeletionEffectsOnFiber (webpack-internal:///(app-pages-browser)/./node_modules/next/dist/compiled/react-dom/cjs/react-dom.development.js:22201:9)
    at recursivelyTraverseDeletionEffects (webpack-internal:///(app-pages-browser)/./node_modules/next/dist/compiled/react-dom/cjs/react-dom.development.js:22026:5)
    at commitDeletionEffectsOnFiber (webpack-internal:///(app-pages-browser)/./node_modules/next/dist/compiled/react-dom/cjs/react-dom.development.js:22201:9)
    at recursivelyTraverseDeletionEffects (webpack-internal:///(app-pages-browser)/./node_modules/next/dist/compiled/react-dom/cjs/react-dom.development.js:22026:5)
    at commitDeletionEffectsOnFiber (webpack-internal:///(app-pages-browser)/./node_modules/next/dist/compiled/react-dom/cjs/react-dom.development.js:22098:11)
    at recursivelyTraverseDeletionEffects (webpack-internal:///(app-pages-browser)/./node_modules/next/dist/compiled/react-dom/cjs/react-dom.development.js:22026:5)
    at commitDeletionEffectsOnFiber (webpack-internal:///(app-pages-browser)/./node_modules/next/dist/compiled/react-dom/cjs/react-dom.development.js:22201:9)
    at recursivelyTraverseDeletionEffects (webpack-internal:///(app-pages-browser)/./node_modules/next/dist/compiled/react-dom/cjs/react-dom.development.js:22026:5)
    at commitDeletionEffectsOnFiber (webpack-internal:///(app-pages-browser)/./node_modules/next/dist/compiled/react-dom/cjs/react-dom.development.js:22098:11)
    at recursivelyTraverseDeletionEffects (webpack-internal:///(app-pages-browser)/./node_modules/next/dist/compiled/react-dom/cjs/react-dom.development.js:22026:5)
    at commitDeletionEffectsOnFiber (webpack-internal:///(app-pages-browser)/./node_modules/next/dist/compiled/react-dom/cjs/react-dom.development.js:22254:9)
    at recursivelyTraverseDeletionEffects (webpack-internal:///(app-pages-browser)/./node_modules/next/dist/compiled/react-dom/cjs/react-dom.development.js:22026:5)
    at commitDeletionEffectsOnFiber (webpack-internal:///(app-pages-browser)/./node_modules/next/dist/compiled/react-dom/cjs/react-dom.development.js:22201:9)
    at recursivelyTraverseDeletionEffects (webpack-internal:///(app-pages-browser)/./node_modules/next/dist/compiled/react-dom/cjs/react-dom.development.js:22026:5)
    at commitDeletionEffectsOnFiber (webpack-internal:///(app-pages-browser)/./node_modules/next/dist/compiled/react-dom/cjs/react-dom.development.js:22254:9)
    at recursivelyTraverseDeletionEffects (webpack-internal:///(app-pages-browser)/./node_modules/next/dist/compiled/react-dom/cjs/react-dom.development.js:22026:5)
    at commitDeletionEffectsOnFiber (webpack-internal:///(app-pages-browser)/./node_modules/next/dist/compiled/react-dom/cjs/react-dom.development.js:22201:9)
    at recursivelyTraverseDeletionEffects (webpack-internal:///(app-pages-browser)/./node_modules/next/dist/compiled/react-dom/cjs/react-dom.development.js:22026:5)
    at commitDeletionEffectsOnFiber (webpack-internal:///(app-pages-browser)/./node_modules/next/dist/compiled/react-dom/cjs/react-dom.development.js:22201:9)
    at recursivelyTraverseDeletionEffects (webpack-internal:///(app-pages-browser)/./node_modules/next/dist/compiled/react-dom/cjs/react-dom.development.js:22026:5)
    at commitDeletionEffectsOnFiber (webpack-internal:///(app-pages-browser)/./node_modules/next/dist/compiled/react-dom/cjs/react-dom.development.js:22098:11)
[  351237ms] Error: Invalid easing type 'expo.out'
    at invariant (webpack-internal:///(app-pages-browser)/./node_modules/motion-utils/dist/es/errors.mjs:19:19)
    at easingDefinitionToFunction (webpack-internal:///(app-pages-browser)/./node_modules/framer-motion/dist/es/easing/utils/map.mjs:42:64)
    at keyframes (webpack-internal:///(app-pages-browser)/./node_modules/framer-motion/dist/es/animation/generators/keyframes.mjs:29:92)
    at MainThreadAnimation.initPlayback (webpack-internal:///(app-pages-browser)/./node_modules/framer-motion/dist/es/animation/animators/MainThreadAnimation.mjs:121:27)
    at MainThreadAnimation.onKeyframesResolved (webpack-internal:///(app-pages-browser)/./node_modules/framer-motion/dist/es/animation/animators/BaseAnimation.mjs:97:40)
    at DOMKeyframesResolver.onResolved [as onComplete] (webpack-internal:///(app-pages-browser)/./node_modules/framer-motion/dist/es/animation/animators/MainThreadAnimation.mjs:89:71)
    at DOMKeyframesResolver.complete (webpack-internal:///(app-pages-browser)/./node_modules/framer-motion/dist/es/render/utils/KeyframesResolver.mjs:156:14)
    at eval (webpack-internal:///(app-pages-browser)/./node_modules/framer-motion/dist/es/render/utils/KeyframesResolver.mjs:54:46)
    at Set.forEach (<anonymous>)
    at measureAllKeyframes (webpack-internal:///(app-pages-browser)/./node_modules/framer-motion/dist/es/render/utils/KeyframesResolver.mjs:54:15)
    at flushKeyframeResolvers (webpack-internal:///(app-pages-browser)/./node_modules/framer-motion/dist/es/render/utils/KeyframesResolver.mjs:67:5)
    at get resolved (webpack-internal:///(app-pages-browser)/./node_modules/framer-motion/dist/es/animation/animators/BaseAnimation.mjs:66:104)
    at get state (webpack-internal:///(app-pages-browser)/./node_modules/framer-motion/dist/es/animation/animators/AcceleratedAnimation.mjs:205:17)
    at AcceleratedAnimation.stop (webpack-internal:///(app-pages-browser)/./node_modules/framer-motion/dist/es/animation/animators/AcceleratedAnimation.mjs:259:18)
    at MotionValue.stop (webpack-internal:///(app-pages-browser)/./node_modules/framer-motion/dist/es/value/index.mjs:291:28)
    at eval (webpack-internal:///(app-pages-browser)/./node_modules/framer-motion/dist/es/render/VisualElement.mjs:249:23)
    at eval (webpack-internal:///(app-pages-browser)/./node_modules/framer-motion/dist/es/render/VisualElement.mjs:210:53)
    at Map.forEach (<anonymous>)
    at HTMLVisualElement.unmount (webpack-internal:///(app-pages-browser)/./node_modules/framer-motion/dist/es/render/VisualElement.mjs:210:33)
    at eval (webpack-internal:///(app-pages-browser)/./node_modules/framer-motion/dist/es/motion/utils/use-motion-ref.mjs:24:31)
    at safelyDetachRef (webpack-internal:///(app-pages-browser)/./node_modules/next/dist/compiled/react-dom/cjs/react-dom.development.js:20844:22)
    at commitDeletionEffectsOnFiber (webpack-internal:///(app-pages-browser)/./node_modules/next/dist/compiled/react-dom/cjs/react-dom.development.js:22084:11)
    at recursivelyTraverseDeletionEffects (webpack-internal:///(app-pages-browser)/./node_modules/next/dist/compiled/react-dom/cjs/react-dom.development.js:22026:5)
    at commitDeletionEffectsOnFiber (webpack-internal:///(app-pages-browser)/./node_modules/next/dist/compiled/react-dom/cjs/react-dom.development.js:22254:9)
    at recursivelyTraverseDeletionEffects (webpack-internal:///(app-pages-browser)/./node_modules/next/dist/compiled/react-dom/cjs/react-dom.development.js:22026:5)
    at commitDeletionEffectsOnFiber (webpack-internal:///(app-pages-browser)/./node_modules/next/dist/compiled/react-dom/cjs/react-dom.development.js:22201:9)
    at recursivelyTraverseDeletionEffects (webpack-internal:///(app-pages-browser)/./node_modules/next/dist/compiled/react-dom/cjs/react-dom.development.js:22026:5)
    at commitDeletionEffectsOnFiber (webpack-internal:///(app-pages-browser)/./node_modules/next/dist/compiled/react-dom/cjs/react-dom.development.js:22254:9)
    at recursivelyTraverseDeletionEffects (webpack-internal:///(app-pages-browser)/./node_modules/next/dist/compiled/react-dom/cjs/react-dom.development.js:22026:5)
    at commitDeletionEffectsOnFiber (webpack-internal:///(app-pages-browser)/./node_modules/next/dist/compiled/react-dom/cjs/react-dom.development.js:22201:9)
    at recursivelyTraverseDeletionEffects (webpack-internal:///(app-pages-browser)/./node_modules/next/dist/compiled/react-dom/cjs/react-dom.development.js:22026:5)
    at commitDeletionEffectsOnFiber (webpack-internal:///(app-pages-browser)/./node_modules/next/dist/compiled/react-dom/cjs/react-dom.development.js:22201:9)
    at recursivelyTraverseDeletionEffects (webpack-internal:///(app-pages-browser)/./node_modules/next/dist/compiled/react-dom/cjs/react-dom.development.js:22026:5)
    at commitDeletionEffectsOnFiber (webpack-internal:///(app-pages-browser)/./node_modules/next/dist/compiled/react-dom/cjs/react-dom.development.js:22098:11)
    at recursivelyTraverseDeletionEffects (webpack-internal:///(app-pages-browser)/./node_modules/next/dist/compiled/react-dom/cjs/react-dom.development.js:22026:5)
    at commitDeletionEffectsOnFiber (webpack-internal:///(app-pages-browser)/./node_modules/next/dist/compiled/react-dom/cjs/react-dom.development.js:22201:9)
    at commitDeletionEffects (webpack-internal:///(app-pages-browser)/./node_modules/next/dist/compiled/react-dom/cjs/react-dom.development.js:22013:5)
    at recursivelyTraverseMutationEffects (webpack-internal:///(app-pages-browser)/./node_modules/next/dist/compiled/react-dom/cjs/react-dom.development.js:22413:9)
    at commitMutationEffectsOnFiber (webpack-internal:///(app-pages-browser)/./node_modules/next/dist/compiled/react-dom/cjs/react-dom.development.js:22449:9)
    at recursivelyTraverseMutationEffects (webpack-internal:///(app-pages-browser)/./node_modules/next/dist/compiled/react-dom/cjs/react-dom.development.js:22427:7)
    at commitMutationEffectsOnFiber (webpack-internal:///(app-pages-browser)/./node_modules/next/dist/compiled/react-dom/cjs/react-dom.development.js:22876:9)
    at recursivelyTraverseMutationEffects (webpack-internal:///(app-pages-browser)/./node_modules/next/dist/compiled/react-dom/cjs/react-dom.development.js:22427:7)
    at commitMutationEffectsOnFiber (webpack-internal:///(app-pages-browser)/./node_modules/next/dist/compiled/react-dom/cjs/react-dom.development.js:22876:9)
    at recursivelyTraverseMutationEffects (webpack-internal:///(app-pages-browser)/./node_modules/next/dist/compiled/react-dom/cjs/react-dom.development.js:22427:7)
    at commitMutationEffectsOnFiber (webpack-internal:///(app-pages-browser)/./node_modules/next/dist/compiled/react-dom/cjs/react-dom.development.js:22449:9)
    at recursivelyTraverseMutationEffects (webpack-internal:///(app-pages-browser)/./node_modules/next/dist/compiled/react-dom/cjs/react-dom.development.js:22427:7)
    at commitMutationEffectsOnFiber (webpack-internal:///(app-pages-browser)/./node_modules/next/dist/compiled/react-dom/cjs/react-dom.development.js:22488:9)
    at recursivelyTraverseMutationEffects (webpack-internal:///(app-pages-browser)/./node_modules/next/dist/compiled/react-dom/cjs/react-dom.development.js:22427:7)
    at commitMutationEffectsOnFiber (webpack-internal:///(app-pages-browser)/./node_modules/next/dist/compiled/react-dom/cjs/react-dom.development.js:22449:9)
    at recursivelyTraverseMutationEffects (webpack-internal:///(app-pages-browser)/./node_modules/next/dist/compiled/react-dom/cjs/react-dom.development.js:22427:7)
[  351237ms] Error: Invalid easing type 'expo.out'
    at invariant (webpack-internal:///(app-pages-browser)/./node_modules/motion-utils/dist/es/errors.mjs:19:19)
    at easingDefinitionToFunction (webpack-internal:///(app-pages-browser)/./node_modules/framer-motion/dist/es/easing/utils/map.mjs:42:64)
    at keyframes (webpack-internal:///(app-pages-browser)/./node_modules/framer-motion/dist/es/animation/generators/keyframes.mjs:29:92)
    at MainThreadAnimation.initPlayback (webpack-internal:///(app-pages-browser)/./node_modules/framer-motion/dist/es/animation/animators/MainThreadAnimation.mjs:121:27)
    at MainThreadAnimation.onKeyframesResolved (webpack-internal:///(app-pages-browser)/./node_modules/framer-motion/dist/es/animation/animators/BaseAnimation.mjs:97:40)
    at DOMKeyframesResolver.onResolved [as onComplete] (webpack-internal:///(app-pages-browser)/./node_modules/framer-motion/dist/es/animation/animators/MainThreadAnimation.mjs:89:71)
    at DOMKeyframesResolver.complete (webpack-internal:///(app-pages-browser)/./node_modules/framer-motion/dist/es/render/utils/KeyframesResolver.mjs:156:14)
    at eval (webpack-internal:///(app-pages-browser)/./node_modules/framer-motion/dist/es/render/utils/KeyframesResolver.mjs:54:46)
    at Set.forEach (<anonymous>)
    at measureAllKeyframes (webpack-internal:///(app-pages-browser)/./node_modules/framer-motion/dist/es/render/utils/KeyframesResolver.mjs:54:15)
    at flushKeyframeResolvers (webpack-internal:///(app-pages-browser)/./node_modules/framer-motion/dist/es/render/utils/KeyframesResolver.mjs:67:5)
    at get resolved (webpack-internal:///(app-pages-browser)/./node_modules/framer-motion/dist/es/animation/animators/BaseAnimation.mjs:66:104)
    at get state (webpack-internal:///(app-pages-browser)/./node_modules/framer-motion/dist/es/animation/animators/AcceleratedAnimation.mjs:205:17)
    at AcceleratedAnimation.stop (webpack-internal:///(app-pages-browser)/./node_modules/framer-motion/dist/es/animation/animators/AcceleratedAnimation.mjs:259:18)
    at MotionValue.stop (webpack-internal:///(app-pages-browser)/./node_modules/framer-motion/dist/es/value/index.mjs:291:28)
    at eval (webpack-internal:///(app-pages-browser)/./node_modules/framer-motion/dist/es/render/VisualElement.mjs:249:23)
    at eval (webpack-internal:///(app-pages-browser)/./node_modules/framer-motion/dist/es/render/VisualElement.mjs:210:53)
    at Map.forEach (<anonymous>)
    at HTMLVisualElement.unmount (webpack-internal:///(app-pages-browser)/./node_modules/framer-motion/dist/es/render/VisualElement.mjs:210:33)
    at eval (webpack-internal:///(app-pages-browser)/./node_modules/framer-motion/dist/es/motion/utils/use-motion-ref.mjs:24:31)
    at safelyDetachRef (webpack-internal:///(app-pages-browser)/./node_modules/next/dist/compiled/react-dom/cjs/react-dom.development.js:20844:22)
    at commitDeletionEffectsOnFiber (webpack-internal:///(app-pages-browser)/./node_modules/next/dist/compiled/react-dom/cjs/react-dom.development.js:22084:11)
    at recursivelyTraverseDeletionEffects (webpack-internal:///(app-pages-browser)/./node_modules/next/dist/compiled/react-dom/cjs/react-dom.development.js:22026:5)
    at commitDeletionEffectsOnFiber (webpack-internal:///(app-pages-browser)/./node_modules/next/dist/compiled/react-dom/cjs/react-dom.development.js:22254:9)
    at recursivelyTraverseDeletionEffects (webpack-internal:///(app-pages-browser)/./node_modules/next/dist/compiled/react-dom/cjs/react-dom.development.js:22026:5)
    at commitDeletionEffectsOnFiber (webpack-internal:///(app-pages-browser)/./node_modules/next/dist/compiled/react-dom/cjs/react-dom.development.js:22201:9)
    at recursivelyTraverseDeletionEffects (webpack-internal:///(app-pages-browser)/./node_modules/next/dist/compiled/react-dom/cjs/react-dom.development.js:22026:5)
    at commitDeletionEffectsOnFiber (webpack-internal:///(app-pages-browser)/./node_modules/next/dist/compiled/react-dom/cjs/react-dom.development.js:22254:9)
    at recursivelyTraverseDeletionEffects (webpack-internal:///(app-pages-browser)/./node_modules/next/dist/compiled/react-dom/cjs/react-dom.development.js:22026:5)
    at commitDeletionEffectsOnFiber (webpack-internal:///(app-pages-browser)/./node_modules/next/dist/compiled/react-dom/cjs/react-dom.development.js:22201:9)
    at recursivelyTraverseDeletionEffects (webpack-internal:///(app-pages-browser)/./node_modules/next/dist/compiled/react-dom/cjs/react-dom.development.js:22026:5)
    at commitDeletionEffectsOnFiber (webpack-internal:///(app-pages-browser)/./node_modules/next/dist/compiled/react-dom/cjs/react-dom.development.js:22201:9)
    at recursivelyTraverseDeletionEffects (webpack-internal:///(app-pages-browser)/./node_modules/next/dist/compiled/react-dom/cjs/react-dom.development.js:22026:5)
    at commitDeletionEffectsOnFiber (webpack-internal:///(app-pages-browser)/./node_modules/next/dist/compiled/react-dom/cjs/react-dom.development.js:22098:11)
    at recursivelyTraverseDeletionEffects (webpack-internal:///(app-pages-browser)/./node_modules/next/dist/compiled/react-dom/cjs/react-dom.development.js:22026:5)
    at commitDeletionEffectsOnFiber (webpack-internal:///(app-pages-browser)/./node_modules/next/dist/compiled/react-dom/cjs/react-dom.development.js:22201:9)
    at commitDeletionEffects (webpack-internal:///(app-pages-browser)/./node_modules/next/dist/compiled/react-dom/cjs/react-dom.development.js:22013:5)
    at recursivelyTraverseMutationEffects (webpack-internal:///(app-pages-browser)/./node_modules/next/dist/compiled/react-dom/cjs/react-dom.development.js:22413:9)
    at commitMutationEffectsOnFiber (webpack-internal:///(app-pages-browser)/./node_modules/next/dist/compiled/react-dom/cjs/react-dom.development.js:22449:9)
    at recursivelyTraverseMutationEffects (webpack-internal:///(app-pages-browser)/./node_modules/next/dist/compiled/react-dom/cjs/react-dom.development.js:22427:7)
    at commitMutationEffectsOnFiber (webpack-internal:///(app-pages-browser)/./node_modules/next/dist/compiled/react-dom/cjs/react-dom.development.js:22876:9)
    at recursivelyTraverseMutationEffects (webpack-internal:///(app-pages-browser)/./node_modules/next/dist/compiled/react-dom/cjs/react-dom.development.js:22427:7)
    at commitMutationEffectsOnFiber (webpack-internal:///(app-pages-browser)/./node_modules/next/dist/compiled/react-dom/cjs/react-dom.development.js:22876:9)
    at recursivelyTraverseMutationEffects (webpack-internal:///(app-pages-browser)/./node_modules/next/dist/compiled/react-dom/cjs/react-dom.development.js:22427:7)
    at commitMutationEffectsOnFiber (webpack-internal:///(app-pages-browser)/./node_modules/next/dist/compiled/react-dom/cjs/react-dom.development.js:22449:9)
    at recursivelyTraverseMutationEffects (webpack-internal:///(app-pages-browser)/./node_modules/next/dist/compiled/react-dom/cjs/react-dom.development.js:22427:7)
    at commitMutationEffectsOnFiber (webpack-internal:///(app-pages-browser)/./node_modules/next/dist/compiled/react-dom/cjs/react-dom.development.js:22488:9)
    at recursivelyTraverseMutationEffects (webpack-internal:///(app-pages-browser)/./node_modules/next/dist/compiled/react-dom/cjs/react-dom.development.js:22427:7)
    at commitMutationEffectsOnFiber (webpack-internal:///(app-pages-browser)/./node_modules/next/dist/compiled/react-dom/cjs/react-dom.development.js:22449:9)
    at recursivelyTraverseMutationEffects (webpack-internal:///(app-pages-browser)/./node_modules/next/dist/compiled/react-dom/cjs/react-dom.development.js:22427:7)
[  351238ms] Error: Invalid easing type 'expo.out'
    at invariant (webpack-internal:///(app-pages-browser)/./node_modules/motion-utils/dist/es/errors.mjs:19:19)
    at easingDefinitionToFunction (webpack-internal:///(app-pages-browser)/./node_modules/framer-motion/dist/es/easing/utils/map.mjs:42:64)
    at keyframes (webpack-internal:///(app-pages-browser)/./node_modules/framer-motion/dist/es/animation/generators/keyframes.mjs:29:92)
    at MainThreadAnimation.initPlayback (webpack-internal:///(app-pages-browser)/./node_modules/framer-motion/dist/es/animation/animators/MainThreadAnimation.mjs:121:27)
    at MainThreadAnimation.onKeyframesResolved (webpack-internal:///(app-pages-browser)/./node_modules/framer-motion/dist/es/animation/animators/BaseAnimation.mjs:97:40)
    at DOMKeyframesResolver.onResolved [as onComplete] (webpack-internal:///(app-pages-browser)/./node_modules/framer-motion/dist/es/animation/animators/MainThreadAnimation.mjs:89:71)
    at DOMKeyframesResolver.complete (webpack-internal:///(app-pages-browser)/./node_modules/framer-motion/dist/es/render/utils/KeyframesResolver.mjs:156:14)
    at eval (webpack-internal:///(app-pages-browser)/./node_modules/framer-motion/dist/es/render/utils/KeyframesResolver.mjs:54:46)
    at Set.forEach (<anonymous>)
    at measureAllKeyframes (webpack-internal:///(app-pages-browser)/./node_modules/framer-motion/dist/es/render/utils/KeyframesResolver.mjs:54:15)
    at flushKeyframeResolvers (webpack-internal:///(app-pages-browser)/./node_modules/framer-motion/dist/es/render/utils/KeyframesResolver.mjs:67:5)
    at get resolved (webpack-internal:///(app-pages-browser)/./node_modules/framer-motion/dist/es/animation/animators/BaseAnimation.mjs:66:104)
    at get state (webpack-internal:///(app-pages-browser)/./node_modules/framer-motion/dist/es/animation/animators/AcceleratedAnimation.mjs:205:17)
    at AcceleratedAnimation.stop (webpack-internal:///(app-pages-browser)/./node_modules/framer-motion/dist/es/animation/animators/AcceleratedAnimation.mjs:259:18)
    at MotionValue.stop (webpack-internal:///(app-pages-browser)/./node_modules/framer-motion/dist/es/value/index.mjs:291:28)
    at eval (webpack-internal:///(app-pages-browser)/./node_modules/framer-motion/dist/es/render/VisualElement.mjs:249:23)
    at eval (webpack-internal:///(app-pages-browser)/./node_modules/framer-motion/dist/es/render/VisualElement.mjs:210:53)
    at Map.forEach (<anonymous>)
    at HTMLVisualElement.unmount (webpack-internal:///(app-pages-browser)/./node_modules/framer-motion/dist/es/render/VisualElement.mjs:210:33)
    at eval (webpack-internal:///(app-pages-browser)/./node_modules/framer-motion/dist/es/motion/utils/use-motion-ref.mjs:24:31)
    at safelyDetachRef (webpack-internal:///(app-pages-browser)/./node_modules/next/dist/compiled/react-dom/cjs/react-dom.development.js:20844:22)
    at commitDeletionEffectsOnFiber (webpack-internal:///(app-pages-browser)/./node_modules/next/dist/compiled/react-dom/cjs/react-dom.development.js:22084:11)
    at recursivelyTraverseDeletionEffects (webpack-internal:///(app-pages-browser)/./node_modules/next/dist/compiled/react-dom/cjs/react-dom.development.js:22026:5)
    at commitDeletionEffectsOnFiber (webpack-internal:///(app-pages-browser)/./node_modules/next/dist/compiled/react-dom/cjs/react-dom.development.js:22254:9)
    at recursivelyTraverseDeletionEffects (webpack-internal:///(app-pages-browser)/./node_modules/next/dist/compiled/react-dom/cjs/react-dom.development.js:22026:5)
    at commitDeletionEffectsOnFiber (webpack-internal:///(app-pages-browser)/./node_modules/next/dist/compiled/react-dom/cjs/react-dom.development.js:22201:9)
    at recursivelyTraverseDeletionEffects (webpack-internal:///(app-pages-browser)/./node_modules/next/dist/compiled/react-dom/cjs/react-dom.development.js:22026:5)
    at commitDeletionEffectsOnFiber (webpack-internal:///(app-pages-browser)/./node_modules/next/dist/compiled/react-dom/cjs/react-dom.development.js:22254:9)
    at recursivelyTraverseDeletionEffects (webpack-internal:///(app-pages-browser)/./node_modules/next/dist/compiled/react-dom/cjs/react-dom.development.js:22026:5)
    at commitDeletionEffectsOnFiber (webpack-internal:///(app-pages-browser)/./node_modules/next/dist/compiled/react-dom/cjs/react-dom.development.js:22201:9)
    at recursivelyTraverseDeletionEffects (webpack-internal:///(app-pages-browser)/./node_modules/next/dist/compiled/react-dom/cjs/react-dom.development.js:22026:5)
    at commitDeletionEffectsOnFiber (webpack-internal:///(app-pages-browser)/./node_modules/next/dist/compiled/react-dom/cjs/react-dom.development.js:22201:9)
    at recursivelyTraverseDeletionEffects (webpack-internal:///(app-pages-browser)/./node_modules/next/dist/compiled/react-dom/cjs/react-dom.development.js:22026:5)
    at commitDeletionEffectsOnFiber (webpack-internal:///(app-pages-browser)/./node_modules/next/dist/compiled/react-dom/cjs/react-dom.development.js:22098:11)
    at recursivelyTraverseDeletionEffects (webpack-internal:///(app-pages-browser)/./node_modules/next/dist/compiled/react-dom/cjs/react-dom.development.js:22026:5)
    at commitDeletionEffectsOnFiber (webpack-internal:///(app-pages-browser)/./node_modules/next/dist/compiled/react-dom/cjs/react-dom.development.js:22201:9)
    at commitDeletionEffects (webpack-internal:///(app-pages-browser)/./node_modules/next/dist/compiled/react-dom/cjs/react-dom.development.js:22013:5)
    at recursivelyTraverseMutationEffects (webpack-internal:///(app-pages-browser)/./node_modules/next/dist/compiled/react-dom/cjs/react-dom.development.js:22413:9)
    at commitMutationEffectsOnFiber (webpack-internal:///(app-pages-browser)/./node_modules/next/dist/compiled/react-dom/cjs/react-dom.development.js:22449:9)
    at recursivelyTraverseMutationEffects (webpack-internal:///(app-pages-browser)/./node_modules/next/dist/compiled/react-dom/cjs/react-dom.development.js:22427:7)
    at commitMutationEffectsOnFiber (webpack-internal:///(app-pages-browser)/./node_modules/next/dist/compiled/react-dom/cjs/react-dom.development.js:22876:9)
    at recursivelyTraverseMutationEffects (webpack-internal:///(app-pages-browser)/./node_modules/next/dist/compiled/react-dom/cjs/react-dom.development.js:22427:7)
    at commitMutationEffectsOnFiber (webpack-internal:///(app-pages-browser)/./node_modules/next/dist/compiled/react-dom/cjs/react-dom.development.js:22876:9)
    at recursivelyTraverseMutationEffects (webpack-internal:///(app-pages-browser)/./node_modules/next/dist/compiled/react-dom/cjs/react-dom.development.js:22427:7)
    at commitMutationEffectsOnFiber (webpack-internal:///(app-pages-browser)/./node_modules/next/dist/compiled/react-dom/cjs/react-dom.development.js:22449:9)
    at recursivelyTraverseMutationEffects (webpack-internal:///(app-pages-browser)/./node_modules/next/dist/compiled/react-dom/cjs/react-dom.development.js:22427:7)
    at commitMutationEffectsOnFiber (webpack-internal:///(app-pages-browser)/./node_modules/next/dist/compiled/react-dom/cjs/react-dom.development.js:22488:9)
    at recursivelyTraverseMutationEffects (webpack-internal:///(app-pages-browser)/./node_modules/next/dist/compiled/react-dom/cjs/react-dom.development.js:22427:7)
    at commitMutationEffectsOnFiber (webpack-internal:///(app-pages-browser)/./node_modules/next/dist/compiled/react-dom/cjs/react-dom.development.js:22449:9)
    at recursivelyTraverseMutationEffects (webpack-internal:///(app-pages-browser)/./node_modules/next/dist/compiled/react-dom/cjs/react-dom.development.js:22427:7)
[  351240ms] Error: Invalid easing type 'expo.out'
    at invariant (webpack-internal:///(app-pages-browser)/./node_modules/motion-utils/dist/es/errors.mjs:19:19)
    at easingDefinitionToFunction (webpack-internal:///(app-pages-browser)/./node_modules/framer-motion/dist/es/easing/utils/map.mjs:42:64)
    at keyframes (webpack-internal:///(app-pages-browser)/./node_modules/framer-motion/dist/es/animation/generators/keyframes.mjs:29:92)
    at MainThreadAnimation.initPlayback (webpack-internal:///(app-pages-browser)/./node_modules/framer-motion/dist/es/animation/animators/MainThreadAnimation.mjs:121:27)
    at MainThreadAnimation.onKeyframesResolved (webpack-internal:///(app-pages-browser)/./node_modules/framer-motion/dist/es/animation/animators/BaseAnimation.mjs:97:40)
    at DOMKeyframesResolver.onResolved [as onComplete] (webpack-internal:///(app-pages-browser)/./node_modules/framer-motion/dist/es/animation/animators/MainThreadAnimation.mjs:89:71)
    at DOMKeyframesResolver.complete (webpack-internal:///(app-pages-browser)/./node_modules/framer-motion/dist/es/render/utils/KeyframesResolver.mjs:156:14)
    at eval (webpack-internal:///(app-pages-browser)/./node_modules/framer-motion/dist/es/render/utils/KeyframesResolver.mjs:54:46)
    at Set.forEach (<anonymous>)
    at measureAllKeyframes (webpack-internal:///(app-pages-browser)/./node_modules/framer-motion/dist/es/render/utils/KeyframesResolver.mjs:54:15)
    at flushKeyframeResolvers (webpack-internal:///(app-pages-browser)/./node_modules/framer-motion/dist/es/render/utils/KeyframesResolver.mjs:67:5)
    at get resolved (webpack-internal:///(app-pages-browser)/./node_modules/framer-motion/dist/es/animation/animators/BaseAnimation.mjs:66:104)
    at get state (webpack-internal:///(app-pages-browser)/./node_modules/framer-motion/dist/es/animation/animators/AcceleratedAnimation.mjs:205:17)
    at AcceleratedAnimation.stop (webpack-internal:///(app-pages-browser)/./node_modules/framer-motion/dist/es/animation/animators/AcceleratedAnimation.mjs:259:18)
    at MotionValue.stop (webpack-internal:///(app-pages-browser)/./node_modules/framer-motion/dist/es/value/index.mjs:291:28)
    at eval (webpack-internal:///(app-pages-browser)/./node_modules/framer-motion/dist/es/render/VisualElement.mjs:249:23)
    at eval (webpack-internal:///(app-pages-browser)/./node_modules/framer-motion/dist/es/render/VisualElement.mjs:210:53)
    at Map.forEach (<anonymous>)
    at HTMLVisualElement.unmount (webpack-internal:///(app-pages-browser)/./node_modules/framer-motion/dist/es/render/VisualElement.mjs:210:33)
    at eval (webpack-internal:///(app-pages-browser)/./node_modules/framer-motion/dist/es/motion/utils/use-motion-ref.mjs:24:31)
    at safelyDetachRef (webpack-internal:///(app-pages-browser)/./node_modules/next/dist/compiled/react-dom/cjs/react-dom.development.js:20844:22)
    at commitDeletionEffectsOnFiber (webpack-internal:///(app-pages-browser)/./node_modules/next/dist/compiled/react-dom/cjs/react-dom.development.js:22084:11)
    at recursivelyTraverseDeletionEffects (webpack-internal:///(app-pages-browser)/./node_modules/next/dist/compiled/react-dom/cjs/react-dom.development.js:22026:5)
    at commitDeletionEffectsOnFiber (webpack-internal:///(app-pages-browser)/./node_modules/next/dist/compiled/react-dom/cjs/react-dom.development.js:22254:9)
    at recursivelyTraverseDeletionEffects (webpack-internal:///(app-pages-browser)/./node_modules/next/dist/compiled/react-dom/cjs/react-dom.development.js:22026:5)
    at commitDeletionEffectsOnFiber (webpack-internal:///(app-pages-browser)/./node_modules/next/dist/compiled/react-dom/cjs/react-dom.development.js:22201:9)
    at recursivelyTraverseDeletionEffects (webpack-internal:///(app-pages-browser)/./node_modules/next/dist/compiled/react-dom/cjs/react-dom.development.js:22026:5)
    at commitDeletionEffectsOnFiber (webpack-internal:///(app-pages-browser)/./node_modules/next/dist/compiled/react-dom/cjs/react-dom.development.js:22254:9)
    at recursivelyTraverseDeletionEffects (webpack-internal:///(app-pages-browser)/./node_modules/next/dist/compiled/react-dom/cjs/react-dom.development.js:22026:5)
    at commitDeletionEffectsOnFiber (webpack-internal:///(app-pages-browser)/./node_modules/next/dist/compiled/react-dom/cjs/react-dom.development.js:22201:9)
    at recursivelyTraverseDeletionEffects (webpack-internal:///(app-pages-browser)/./node_modules/next/dist/compiled/react-dom/cjs/react-dom.development.js:22026:5)
    at commitDeletionEffectsOnFiber (webpack-internal:///(app-pages-browser)/./node_modules/next/dist/compiled/react-dom/cjs/react-dom.development.js:22201:9)
    at recursivelyTraverseDeletionEffects (webpack-internal:///(app-pages-browser)/./node_modules/next/dist/compiled/react-dom/cjs/react-dom.development.js:22026:5)
    at commitDeletionEffectsOnFiber (webpack-internal:///(app-pages-browser)/./node_modules/next/dist/compiled/react-dom/cjs/react-dom.development.js:22098:11)
    at recursivelyTraverseDeletionEffects (webpack-internal:///(app-pages-browser)/./node_modules/next/dist/compiled/react-dom/cjs/react-dom.development.js:22026:5)
    at commitDeletionEffectsOnFiber (webpack-internal:///(app-pages-browser)/./node_modules/next/dist/compiled/react-dom/cjs/react-dom.development.js:22201:9)
    at commitDeletionEffects (webpack-internal:///(app-pages-browser)/./node_modules/next/dist/compiled/react-dom/cjs/react-dom.development.js:22013:5)
    at recursivelyTraverseMutationEffects (webpack-internal:///(app-pages-browser)/./node_modules/next/dist/compiled/react-dom/cjs/react-dom.development.js:22413:9)
    at commitMutationEffectsOnFiber (webpack-internal:///(app-pages-browser)/./node_modules/next/dist/compiled/react-dom/cjs/react-dom.development.js:22449:9)
    at recursivelyTraverseMutationEffects (webpack-internal:///(app-pages-browser)/./node_modules/next/dist/compiled/react-dom/cjs/react-dom.development.js:22427:7)
    at commitMutationEffectsOnFiber (webpack-internal:///(app-pages-browser)/./node_modules/next/dist/compiled/react-dom/cjs/react-dom.development.js:22876:9)
    at recursivelyTraverseMutationEffects (webpack-internal:///(app-pages-browser)/./node_modules/next/dist/compiled/react-dom/cjs/react-dom.development.js:22427:7)
    at commitMutationEffectsOnFiber (webpack-internal:///(app-pages-browser)/./node_modules/next/dist/compiled/react-dom/cjs/react-dom.development.js:22876:9)
    at recursivelyTraverseMutationEffects (webpack-internal:///(app-pages-browser)/./node_modules/next/dist/compiled/react-dom/cjs/react-dom.development.js:22427:7)
    at commitMutationEffectsOnFiber (webpack-internal:///(app-pages-browser)/./node_modules/next/dist/compiled/react-dom/cjs/react-dom.development.js:22449:9)
    at recursivelyTraverseMutationEffects (webpack-internal:///(app-pages-browser)/./node_modules/next/dist/compiled/react-dom/cjs/react-dom.development.js:22427:7)
    at commitMutationEffectsOnFiber (webpack-internal:///(app-pages-browser)/./node_modules/next/dist/compiled/react-dom/cjs/react-dom.development.js:22488:9)
    at recursivelyTraverseMutationEffects (webpack-internal:///(app-pages-browser)/./node_modules/next/dist/compiled/react-dom/cjs/react-dom.development.js:22427:7)
    at commitMutationEffectsOnFiber (webpack-internal:///(app-pages-browser)/./node_modules/next/dist/compiled/react-dom/cjs/react-dom.development.js:22449:9)
    at recursivelyTraverseMutationEffects (webpack-internal:///(app-pages-browser)/./node_modules/next/dist/compiled/react-dom/cjs/react-dom.development.js:22427:7)
[  351242ms] Error: Invalid easing type 'expo.out'
    at invariant (webpack-internal:///(app-pages-browser)/./node_modules/motion-utils/dist/es/errors.mjs:19:19)
    at easingDefinitionToFunction (webpack-internal:///(app-pages-browser)/./node_modules/framer-motion/dist/es/easing/utils/map.mjs:42:64)
    at keyframes (webpack-internal:///(app-pages-browser)/./node_modules/framer-motion/dist/es/animation/generators/keyframes.mjs:29:92)
    at MainThreadAnimation.initPlayback (webpack-internal:///(app-pages-browser)/./node_modules/framer-motion/dist/es/animation/animators/MainThreadAnimation.mjs:121:27)
    at MainThreadAnimation.onKeyframesResolved (webpack-internal:///(app-pages-browser)/./node_modules/framer-motion/dist/es/animation/animators/BaseAnimation.mjs:97:40)
    at DOMKeyframesResolver.onResolved [as onComplete] (webpack-internal:///(app-pages-browser)/./node_modules/framer-motion/dist/es/animation/animators/MainThreadAnimation.mjs:89:71)
    at DOMKeyframesResolver.complete (webpack-internal:///(app-pages-browser)/./node_modules/framer-motion/dist/es/render/utils/KeyframesResolver.mjs:156:14)
    at eval (webpack-internal:///(app-pages-browser)/./node_modules/framer-motion/dist/es/render/utils/KeyframesResolver.mjs:54:46)
    at Set.forEach (<anonymous>)
    at measureAllKeyframes (webpack-internal:///(app-pages-browser)/./node_modules/framer-motion/dist/es/render/utils/KeyframesResolver.mjs:54:15)
    at flushKeyframeResolvers (webpack-internal:///(app-pages-browser)/./node_modules/framer-motion/dist/es/render/utils/KeyframesResolver.mjs:67:5)
    at get resolved (webpack-internal:///(app-pages-browser)/./node_modules/framer-motion/dist/es/animation/animators/BaseAnimation.mjs:66:104)
    at get state (webpack-internal:///(app-pages-browser)/./node_modules/framer-motion/dist/es/animation/animators/AcceleratedAnimation.mjs:205:17)
    at AcceleratedAnimation.stop (webpack-internal:///(app-pages-browser)/./node_modules/framer-motion/dist/es/animation/animators/AcceleratedAnimation.mjs:259:18)
    at MotionValue.stop (webpack-internal:///(app-pages-browser)/./node_modules/framer-motion/dist/es/value/index.mjs:291:28)
    at eval (webpack-internal:///(app-pages-browser)/./node_modules/framer-motion/dist/es/render/VisualElement.mjs:249:23)
    at eval (webpack-internal:///(app-pages-browser)/./node_modules/framer-motion/dist/es/render/VisualElement.mjs:210:53)
    at Map.forEach (<anonymous>)
    at HTMLVisualElement.unmount (webpack-internal:///(app-pages-browser)/./node_modules/framer-motion/dist/es/render/VisualElement.mjs:210:33)
    at eval (webpack-internal:///(app-pages-browser)/./node_modules/framer-motion/dist/es/motion/utils/use-motion-ref.mjs:24:31)
    at safelyDetachRef (webpack-internal:///(app-pages-browser)/./node_modules/next/dist/compiled/react-dom/cjs/react-dom.development.js:20844:22)
    at commitDeletionEffectsOnFiber (webpack-internal:///(app-pages-browser)/./node_modules/next/dist/compiled/react-dom/cjs/react-dom.development.js:22084:11)
    at recursivelyTraverseDeletionEffects (webpack-internal:///(app-pages-browser)/./node_modules/next/dist/compiled/react-dom/cjs/react-dom.development.js:22026:5)
    at commitDeletionEffectsOnFiber (webpack-internal:///(app-pages-browser)/./node_modules/next/dist/compiled/react-dom/cjs/react-dom.development.js:22254:9)
    at recursivelyTraverseDeletionEffects (webpack-internal:///(app-pages-browser)/./node_modules/next/dist/compiled/react-dom/cjs/react-dom.development.js:22026:5)
    at commitDeletionEffectsOnFiber (webpack-internal:///(app-pages-browser)/./node_modules/next/dist/compiled/react-dom/cjs/react-dom.development.js:22201:9)
    at recursivelyTraverseDeletionEffects (webpack-internal:///(app-pages-browser)/./node_modules/next/dist/compiled/react-dom/cjs/react-dom.development.js:22026:5)
    at commitDeletionEffectsOnFiber (webpack-internal:///(app-pages-browser)/./node_modules/next/dist/compiled/react-dom/cjs/react-dom.development.js:22254:9)
    at recursivelyTraverseDeletionEffects (webpack-internal:///(app-pages-browser)/./node_modules/next/dist/compiled/react-dom/cjs/react-dom.development.js:22026:5)
    at commitDeletionEffectsOnFiber (webpack-internal:///(app-pages-browser)/./node_modules/next/dist/compiled/react-dom/cjs/react-dom.development.js:22201:9)
    at recursivelyTraverseDeletionEffects (webpack-internal:///(app-pages-browser)/./node_modules/next/dist/compiled/react-dom/cjs/react-dom.development.js:22026:5)
    at commitDeletionEffectsOnFiber (webpack-internal:///(app-pages-browser)/./node_modules/next/dist/compiled/react-dom/cjs/react-dom.development.js:22201:9)
    at recursivelyTraverseDeletionEffects (webpack-internal:///(app-pages-browser)/./node_modules/next/dist/compiled/react-dom/cjs/react-dom.development.js:22026:5)
    at commitDeletionEffectsOnFiber (webpack-internal:///(app-pages-browser)/./node_modules/next/dist/compiled/react-dom/cjs/react-dom.development.js:22098:11)
    at recursivelyTraverseDeletionEffects (webpack-internal:///(app-pages-browser)/./node_modules/next/dist/compiled/react-dom/cjs/react-dom.development.js:22026:5)
    at commitDeletionEffectsOnFiber (webpack-internal:///(app-pages-browser)/./node_modules/next/dist/compiled/react-dom/cjs/react-dom.development.js:22201:9)
    at commitDeletionEffects (webpack-internal:///(app-pages-browser)/./node_modules/next/dist/compiled/react-dom/cjs/react-dom.development.js:22013:5)
    at recursivelyTraverseMutationEffects (webpack-internal:///(app-pages-browser)/./node_modules/next/dist/compiled/react-dom/cjs/react-dom.development.js:22413:9)
    at commitMutationEffectsOnFiber (webpack-internal:///(app-pages-browser)/./node_modules/next/dist/compiled/react-dom/cjs/react-dom.development.js:22449:9)
    at recursivelyTraverseMutationEffects (webpack-internal:///(app-pages-browser)/./node_modules/next/dist/compiled/react-dom/cjs/react-dom.development.js:22427:7)
    at commitMutationEffectsOnFiber (webpack-internal:///(app-pages-browser)/./node_modules/next/dist/compiled/react-dom/cjs/react-dom.development.js:22876:9)
    at recursivelyTraverseMutationEffects (webpack-internal:///(app-pages-browser)/./node_modules/next/dist/compiled/react-dom/cjs/react-dom.development.js:22427:7)
    at commitMutationEffectsOnFiber (webpack-internal:///(app-pages-browser)/./node_modules/next/dist/compiled/react-dom/cjs/react-dom.development.js:22876:9)
    at recursivelyTraverseMutationEffects (webpack-internal:///(app-pages-browser)/./node_modules/next/dist/compiled/react-dom/cjs/react-dom.development.js:22427:7)
    at commitMutationEffectsOnFiber (webpack-internal:///(app-pages-browser)/./node_modules/next/dist/compiled/react-dom/cjs/react-dom.development.js:22449:9)
    at recursivelyTraverseMutationEffects (webpack-internal:///(app-pages-browser)/./node_modules/next/dist/compiled/react-dom/cjs/react-dom.development.js:22427:7)
    at commitMutationEffectsOnFiber (webpack-internal:///(app-pages-browser)/./node_modules/next/dist/compiled/react-dom/cjs/react-dom.development.js:22488:9)
    at recursivelyTraverseMutationEffects (webpack-internal:///(app-pages-browser)/./node_modules/next/dist/compiled/react-dom/cjs/react-dom.development.js:22427:7)
    at commitMutationEffectsOnFiber (webpack-internal:///(app-pages-browser)/./node_modules/next/dist/compiled/react-dom/cjs/react-dom.development.js:22449:9)
    at recursivelyTraverseMutationEffects (webpack-internal:///(app-pages-browser)/./node_modules/next/dist/compiled/react-dom/cjs/react-dom.development.js:22427:7)
[  351243ms] Error: Invalid easing type 'expo.out'
    at invariant (webpack-internal:///(app-pages-browser)/./node_modules/motion-utils/dist/es/errors.mjs:19:19)
    at easingDefinitionToFunction (webpack-internal:///(app-pages-browser)/./node_modules/framer-motion/dist/es/easing/utils/map.mjs:42:64)
    at keyframes (webpack-internal:///(app-pages-browser)/./node_modules/framer-motion/dist/es/animation/generators/keyframes.mjs:29:92)
    at MainThreadAnimation.initPlayback (webpack-internal:///(app-pages-browser)/./node_modules/framer-motion/dist/es/animation/animators/MainThreadAnimation.mjs:121:27)
    at MainThreadAnimation.onKeyframesResolved (webpack-internal:///(app-pages-browser)/./node_modules/framer-motion/dist/es/animation/animators/BaseAnimation.mjs:97:40)
    at DOMKeyframesResolver.onResolved [as onComplete] (webpack-internal:///(app-pages-browser)/./node_modules/framer-motion/dist/es/animation/animators/MainThreadAnimation.mjs:89:71)
    at DOMKeyframesResolver.complete (webpack-internal:///(app-pages-browser)/./node_modules/framer-motion/dist/es/render/utils/KeyframesResolver.mjs:156:14)
    at eval (webpack-internal:///(app-pages-browser)/./node_modules/framer-motion/dist/es/render/utils/KeyframesResolver.mjs:54:46)
    at Set.forEach (<anonymous>)
    at measureAllKeyframes (webpack-internal:///(app-pages-browser)/./node_modules/framer-motion/dist/es/render/utils/KeyframesResolver.mjs:54:15)
    at flushKeyframeResolvers (webpack-internal:///(app-pages-browser)/./node_modules/framer-motion/dist/es/render/utils/KeyframesResolver.mjs:67:5)
    at get resolved (webpack-internal:///(app-pages-browser)/./node_modules/framer-motion/dist/es/animation/animators/BaseAnimation.mjs:66:104)
    at get state (webpack-internal:///(app-pages-browser)/./node_modules/framer-motion/dist/es/animation/animators/AcceleratedAnimation.mjs:205:17)
    at AcceleratedAnimation.stop (webpack-internal:///(app-pages-browser)/./node_modules/framer-motion/dist/es/animation/animators/AcceleratedAnimation.mjs:259:18)
    at MotionValue.stop (webpack-internal:///(app-pages-browser)/./node_modules/framer-motion/dist/es/value/index.mjs:291:28)
    at eval (webpack-internal:///(app-pages-browser)/./node_modules/framer-motion/dist/es/render/VisualElement.mjs:249:23)
    at eval (webpack-internal:///(app-pages-browser)/./node_modules/framer-motion/dist/es/render/VisualElement.mjs:210:53)
    at Map.forEach (<anonymous>)
    at HTMLVisualElement.unmount (webpack-internal:///(app-pages-browser)/./node_modules/framer-motion/dist/es/render/VisualElement.mjs:210:33)
    at eval (webpack-internal:///(app-pages-browser)/./node_modules/framer-motion/dist/es/motion/utils/use-motion-ref.mjs:24:31)
    at safelyDetachRef (webpack-internal:///(app-pages-browser)/./node_modules/next/dist/compiled/react-dom/cjs/react-dom.development.js:20844:22)
    at commitDeletionEffectsOnFiber (webpack-internal:///(app-pages-browser)/./node_modules/next/dist/compiled/react-dom/cjs/react-dom.development.js:22084:11)
    at recursivelyTraverseDeletionEffects (webpack-internal:///(app-pages-browser)/./node_modules/next/dist/compiled/react-dom/cjs/react-dom.development.js:22026:5)
    at commitDeletionEffectsOnFiber (webpack-internal:///(app-pages-browser)/./node_modules/next/dist/compiled/react-dom/cjs/react-dom.development.js:22254:9)
    at recursivelyTraverseDeletionEffects (webpack-internal:///(app-pages-browser)/./node_modules/next/dist/compiled/react-dom/cjs/react-dom.development.js:22026:5)
    at commitDeletionEffectsOnFiber (webpack-internal:///(app-pages-browser)/./node_modules/next/dist/compiled/react-dom/cjs/react-dom.development.js:22201:9)
    at recursivelyTraverseDeletionEffects (webpack-internal:///(app-pages-browser)/./node_modules/next/dist/compiled/react-dom/cjs/react-dom.development.js:22026:5)
    at commitDeletionEffectsOnFiber (webpack-internal:///(app-pages-browser)/./node_modules/next/dist/compiled/react-dom/cjs/react-dom.development.js:22254:9)
    at recursivelyTraverseDeletionEffects (webpack-internal:///(app-pages-browser)/./node_modules/next/dist/compiled/react-dom/cjs/react-dom.development.js:22026:5)
    at commitDeletionEffectsOnFiber (webpack-internal:///(app-pages-browser)/./node_modules/next/dist/compiled/react-dom/cjs/react-dom.development.js:22201:9)
    at recursivelyTraverseDeletionEffects (webpack-internal:///(app-pages-browser)/./node_modules/next/dist/compiled/react-dom/cjs/react-dom.development.js:22026:5)
    at commitDeletionEffectsOnFiber (webpack-internal:///(app-pages-browser)/./node_modules/next/dist/compiled/react-dom/cjs/react-dom.development.js:22201:9)
    at recursivelyTraverseDeletionEffects (webpack-internal:///(app-pages-browser)/./node_modules/next/dist/compiled/react-dom/cjs/react-dom.development.js:22026:5)
    at commitDeletionEffectsOnFiber (webpack-internal:///(app-pages-browser)/./node_modules/next/dist/compiled/react-dom/cjs/react-dom.development.js:22098:11)
    at recursivelyTraverseDeletionEffects (webpack-internal:///(app-pages-browser)/./node_modules/next/dist/compiled/react-dom/cjs/react-dom.development.js:22026:5)
    at commitDeletionEffectsOnFiber (webpack-internal:///(app-pages-browser)/./node_modules/next/dist/compiled/react-dom/cjs/react-dom.development.js:22201:9)
    at commitDeletionEffects (webpack-internal:///(app-pages-browser)/./node_modules/next/dist/compiled/react-dom/cjs/react-dom.development.js:22013:5)
    at recursivelyTraverseMutationEffects (webpack-internal:///(app-pages-browser)/./node_modules/next/dist/compiled/react-dom/cjs/react-dom.development.js:22413:9)
    at commitMutationEffectsOnFiber (webpack-internal:///(app-pages-browser)/./node_modules/next/dist/compiled/react-dom/cjs/react-dom.development.js:22449:9)
    at recursivelyTraverseMutationEffects (webpack-internal:///(app-pages-browser)/./node_modules/next/dist/compiled/react-dom/cjs/react-dom.development.js:22427:7)
    at commitMutationEffectsOnFiber (webpack-internal:///(app-pages-browser)/./node_modules/next/dist/compiled/react-dom/cjs/react-dom.development.js:22876:9)
    at recursivelyTraverseMutationEffects (webpack-internal:///(app-pages-browser)/./node_modules/next/dist/compiled/react-dom/cjs/react-dom.development.js:22427:7)
    at commitMutationEffectsOnFiber (webpack-internal:///(app-pages-browser)/./node_modules/next/dist/compiled/react-dom/cjs/react-dom.development.js:22876:9)
    at recursivelyTraverseMutationEffects (webpack-internal:///(app-pages-browser)/./node_modules/next/dist/compiled/react-dom/cjs/react-dom.development.js:22427:7)
    at commitMutationEffectsOnFiber (webpack-internal:///(app-pages-browser)/./node_modules/next/dist/compiled/react-dom/cjs/react-dom.development.js:22449:9)
    at recursivelyTraverseMutationEffects (webpack-internal:///(app-pages-browser)/./node_modules/next/dist/compiled/react-dom/cjs/react-dom.development.js:22427:7)
    at commitMutationEffectsOnFiber (webpack-internal:///(app-pages-browser)/./node_modules/next/dist/compiled/react-dom/cjs/react-dom.development.js:22488:9)
    at recursivelyTraverseMutationEffects (webpack-internal:///(app-pages-browser)/./node_modules/next/dist/compiled/react-dom/cjs/react-dom.development.js:22427:7)
    at commitMutationEffectsOnFiber (webpack-internal:///(app-pages-browser)/./node_modules/next/dist/compiled/react-dom/cjs/react-dom.development.js:22449:9)
    at recursivelyTraverseMutationEffects (webpack-internal:///(app-pages-browser)/./node_modules/next/dist/compiled/react-dom/cjs/react-dom.development.js:22427:7)
[  351243ms] Error: Invalid easing type 'expo.out'
    at invariant (webpack-internal:///(app-pages-browser)/./node_modules/motion-utils/dist/es/errors.mjs:19:19)
    at easingDefinitionToFunction (webpack-internal:///(app-pages-browser)/./node_modules/framer-motion/dist/es/easing/utils/map.mjs:42:64)
    at keyframes (webpack-internal:///(app-pages-browser)/./node_modules/framer-motion/dist/es/animation/generators/keyframes.mjs:29:92)
    at MainThreadAnimation.initPlayback (webpack-internal:///(app-pages-browser)/./node_modules/framer-motion/dist/es/animation/animators/MainThreadAnimation.mjs:121:27)
    at MainThreadAnimation.onKeyframesResolved (webpack-internal:///(app-pages-browser)/./node_modules/framer-motion/dist/es/animation/animators/BaseAnimation.mjs:97:40)
    at DOMKeyframesResolver.onResolved [as onComplete] (webpack-internal:///(app-pages-browser)/./node_modules/framer-motion/dist/es/animation/animators/MainThreadAnimation.mjs:89:71)
    at DOMKeyframesResolver.complete (webpack-internal:///(app-pages-browser)/./node_modules/framer-motion/dist/es/render/utils/KeyframesResolver.mjs:156:14)
    at eval (webpack-internal:///(app-pages-browser)/./node_modules/framer-motion/dist/es/render/utils/KeyframesResolver.mjs:54:46)
    at Set.forEach (<anonymous>)
    at measureAllKeyframes (webpack-internal:///(app-pages-browser)/./node_modules/framer-motion/dist/es/render/utils/KeyframesResolver.mjs:54:15)
    at flushKeyframeResolvers (webpack-internal:///(app-pages-browser)/./node_modules/framer-motion/dist/es/render/utils/KeyframesResolver.mjs:67:5)
    at get resolved (webpack-internal:///(app-pages-browser)/./node_modules/framer-motion/dist/es/animation/animators/BaseAnimation.mjs:66:104)
    at get state (webpack-internal:///(app-pages-browser)/./node_modules/framer-motion/dist/es/animation/animators/AcceleratedAnimation.mjs:205:17)
    at AcceleratedAnimation.stop (webpack-internal:///(app-pages-browser)/./node_modules/framer-motion/dist/es/animation/animators/AcceleratedAnimation.mjs:259:18)
    at MotionValue.stop (webpack-internal:///(app-pages-browser)/./node_modules/framer-motion/dist/es/value/index.mjs:291:28)
    at eval (webpack-internal:///(app-pages-browser)/./node_modules/framer-motion/dist/es/render/VisualElement.mjs:249:23)
    at eval (webpack-internal:///(app-pages-browser)/./node_modules/framer-motion/dist/es/render/VisualElement.mjs:210:53)
    at Map.forEach (<anonymous>)
    at HTMLVisualElement.unmount (webpack-internal:///(app-pages-browser)/./node_modules/framer-motion/dist/es/render/VisualElement.mjs:210:33)
    at eval (webpack-internal:///(app-pages-browser)/./node_modules/framer-motion/dist/es/motion/utils/use-motion-ref.mjs:24:31)
    at safelyDetachRef (webpack-internal:///(app-pages-browser)/./node_modules/next/dist/compiled/react-dom/cjs/react-dom.development.js:20844:22)
    at commitDeletionEffectsOnFiber (webpack-internal:///(app-pages-browser)/./node_modules/next/dist/compiled/react-dom/cjs/react-dom.development.js:22084:11)
    at recursivelyTraverseDeletionEffects (webpack-internal:///(app-pages-browser)/./node_modules/next/dist/compiled/react-dom/cjs/react-dom.development.js:22026:5)
    at commitDeletionEffectsOnFiber (webpack-internal:///(app-pages-browser)/./node_modules/next/dist/compiled/react-dom/cjs/react-dom.development.js:22254:9)
    at recursivelyTraverseDeletionEffects (webpack-internal:///(app-pages-browser)/./node_modules/next/dist/compiled/react-dom/cjs/react-dom.development.js:22026:5)
    at commitDeletionEffectsOnFiber (webpack-internal:///(app-pages-browser)/./node_modules/next/dist/compiled/react-dom/cjs/react-dom.development.js:22201:9)
    at recursivelyTraverseDeletionEffects (webpack-internal:///(app-pages-browser)/./node_modules/next/dist/compiled/react-dom/cjs/react-dom.development.js:22026:5)
    at commitDeletionEffectsOnFiber (webpack-internal:///(app-pages-browser)/./node_modules/next/dist/compiled/react-dom/cjs/react-dom.development.js:22254:9)
    at recursivelyTraverseDeletionEffects (webpack-internal:///(app-pages-browser)/./node_modules/next/dist/compiled/react-dom/cjs/react-dom.development.js:22026:5)
    at commitDeletionEffectsOnFiber (webpack-internal:///(app-pages-browser)/./node_modules/next/dist/compiled/react-dom/cjs/react-dom.development.js:22201:9)
    at recursivelyTraverseDeletionEffects (webpack-internal:///(app-pages-browser)/./node_modules/next/dist/compiled/react-dom/cjs/react-dom.development.js:22026:5)
    at commitDeletionEffectsOnFiber (webpack-internal:///(app-pages-browser)/./node_modules/next/dist/compiled/react-dom/cjs/react-dom.development.js:22201:9)
    at recursivelyTraverseDeletionEffects (webpack-internal:///(app-pages-browser)/./node_modules/next/dist/compiled/react-dom/cjs/react-dom.development.js:22026:5)
    at commitDeletionEffectsOnFiber (webpack-internal:///(app-pages-browser)/./node_modules/next/dist/compiled/react-dom/cjs/react-dom.development.js:22098:11)
    at recursivelyTraverseDeletionEffects (webpack-internal:///(app-pages-browser)/./node_modules/next/dist/compiled/react-dom/cjs/react-dom.development.js:22026:5)
    at commitDeletionEffectsOnFiber (webpack-internal:///(app-pages-browser)/./node_modules/next/dist/compiled/react-dom/cjs/react-dom.development.js:22201:9)
    at commitDeletionEffects (webpack-internal:///(app-pages-browser)/./node_modules/next/dist/compiled/react-dom/cjs/react-dom.development.js:22013:5)
    at recursivelyTraverseMutationEffects (webpack-internal:///(app-pages-browser)/./node_modules/next/dist/compiled/react-dom/cjs/react-dom.development.js:22413:9)
    at commitMutationEffectsOnFiber (webpack-internal:///(app-pages-browser)/./node_modules/next/dist/compiled/react-dom/cjs/react-dom.development.js:22449:9)
    at recursivelyTraverseMutationEffects (webpack-internal:///(app-pages-browser)/./node_modules/next/dist/compiled/react-dom/cjs/react-dom.development.js:22427:7)
    at commitMutationEffectsOnFiber (webpack-internal:///(app-pages-browser)/./node_modules/next/dist/compiled/react-dom/cjs/react-dom.development.js:22876:9)
    at recursivelyTraverseMutationEffects (webpack-internal:///(app-pages-browser)/./node_modules/next/dist/compiled/react-dom/cjs/react-dom.development.js:22427:7)
    at commitMutationEffectsOnFiber (webpack-internal:///(app-pages-browser)/./node_modules/next/dist/compiled/react-dom/cjs/react-dom.development.js:22876:9)
    at recursivelyTraverseMutationEffects (webpack-internal:///(app-pages-browser)/./node_modules/next/dist/compiled/react-dom/cjs/react-dom.development.js:22427:7)
    at commitMutationEffectsOnFiber (webpack-internal:///(app-pages-browser)/./node_modules/next/dist/compiled/react-dom/cjs/react-dom.development.js:22449:9)
    at recursivelyTraverseMutationEffects (webpack-internal:///(app-pages-browser)/./node_modules/next/dist/compiled/react-dom/cjs/react-dom.development.js:22427:7)
    at commitMutationEffectsOnFiber (webpack-internal:///(app-pages-browser)/./node_modules/next/dist/compiled/react-dom/cjs/react-dom.development.js:22488:9)
    at recursivelyTraverseMutationEffects (webpack-internal:///(app-pages-browser)/./node_modules/next/dist/compiled/react-dom/cjs/react-dom.development.js:22427:7)
    at commitMutationEffectsOnFiber (webpack-internal:///(app-pages-browser)/./node_modules/next/dist/compiled/react-dom/cjs/react-dom.development.js:22449:9)
    at recursivelyTraverseMutationEffects (webpack-internal:///(app-pages-browser)/./node_modules/next/dist/compiled/react-dom/cjs/react-dom.development.js:22427:7)
[  351244ms] Error: Invalid easing type 'expo.out'
    at invariant (webpack-internal:///(app-pages-browser)/./node_modules/motion-utils/dist/es/errors.mjs:19:19)
    at easingDefinitionToFunction (webpack-internal:///(app-pages-browser)/./node_modules/framer-motion/dist/es/easing/utils/map.mjs:42:64)
    at keyframes (webpack-internal:///(app-pages-browser)/./node_modules/framer-motion/dist/es/animation/generators/keyframes.mjs:29:92)
    at MainThreadAnimation.initPlayback (webpack-internal:///(app-pages-browser)/./node_modules/framer-motion/dist/es/animation/animators/MainThreadAnimation.mjs:121:27)
    at MainThreadAnimation.onKeyframesResolved (webpack-internal:///(app-pages-browser)/./node_modules/framer-motion/dist/es/animation/animators/BaseAnimation.mjs:97:40)
    at DOMKeyframesResolver.onResolved [as onComplete] (webpack-internal:///(app-pages-browser)/./node_modules/framer-motion/dist/es/animation/animators/MainThreadAnimation.mjs:89:71)
    at DOMKeyframesResolver.complete (webpack-internal:///(app-pages-browser)/./node_modules/framer-motion/dist/es/render/utils/KeyframesResolver.mjs:156:14)
    at eval (webpack-internal:///(app-pages-browser)/./node_modules/framer-motion/dist/es/render/utils/KeyframesResolver.mjs:54:46)
    at Set.forEach (<anonymous>)
    at measureAllKeyframes (webpack-internal:///(app-pages-browser)/./node_modules/framer-motion/dist/es/render/utils/KeyframesResolver.mjs:54:15)
    at flushKeyframeResolvers (webpack-internal:///(app-pages-browser)/./node_modules/framer-motion/dist/es/render/utils/KeyframesResolver.mjs:67:5)
    at get resolved (webpack-internal:///(app-pages-browser)/./node_modules/framer-motion/dist/es/animation/animators/BaseAnimation.mjs:66:104)
    at get state (webpack-internal:///(app-pages-browser)/./node_modules/framer-motion/dist/es/animation/animators/AcceleratedAnimation.mjs:205:17)
    at AcceleratedAnimation.stop (webpack-internal:///(app-pages-browser)/./node_modules/framer-motion/dist/es/animation/animators/AcceleratedAnimation.mjs:259:18)
    at MotionValue.stop (webpack-internal:///(app-pages-browser)/./node_modules/framer-motion/dist/es/value/index.mjs:291:28)
    at eval (webpack-internal:///(app-pages-browser)/./node_modules/framer-motion/dist/es/render/VisualElement.mjs:249:23)
    at eval (webpack-internal:///(app-pages-browser)/./node_modules/framer-motion/dist/es/render/VisualElement.mjs:210:53)
    at Map.forEach (<anonymous>)
    at HTMLVisualElement.unmount (webpack-internal:///(app-pages-browser)/./node_modules/framer-motion/dist/es/render/VisualElement.mjs:210:33)
    at eval (webpack-internal:///(app-pages-browser)/./node_modules/framer-motion/dist/es/motion/utils/use-motion-ref.mjs:24:31)
    at safelyDetachRef (webpack-internal:///(app-pages-browser)/./node_modules/next/dist/compiled/react-dom/cjs/react-dom.development.js:20844:22)
    at commitDeletionEffectsOnFiber (webpack-internal:///(app-pages-browser)/./node_modules/next/dist/compiled/react-dom/cjs/react-dom.development.js:22084:11)
    at recursivelyTraverseDeletionEffects (webpack-internal:///(app-pages-browser)/./node_modules/next/dist/compiled/react-dom/cjs/react-dom.development.js:22026:5)
    at commitDeletionEffectsOnFiber (webpack-internal:///(app-pages-browser)/./node_modules/next/dist/compiled/react-dom/cjs/react-dom.development.js:22254:9)
    at recursivelyTraverseDeletionEffects (webpack-internal:///(app-pages-browser)/./node_modules/next/dist/compiled/react-dom/cjs/react-dom.development.js:22026:5)
    at commitDeletionEffectsOnFiber (webpack-internal:///(app-pages-browser)/./node_modules/next/dist/compiled/react-dom/cjs/react-dom.development.js:22201:9)
    at recursivelyTraverseDeletionEffects (webpack-internal:///(app-pages-browser)/./node_modules/next/dist/compiled/react-dom/cjs/react-dom.development.js:22026:5)
    at commitDeletionEffectsOnFiber (webpack-internal:///(app-pages-browser)/./node_modules/next/dist/compiled/react-dom/cjs/react-dom.development.js:22254:9)
    at recursivelyTraverseDeletionEffects (webpack-internal:///(app-pages-browser)/./node_modules/next/dist/compiled/react-dom/cjs/react-dom.development.js:22026:5)
    at commitDeletionEffectsOnFiber (webpack-internal:///(app-pages-browser)/./node_modules/next/dist/compiled/react-dom/cjs/react-dom.development.js:22201:9)
    at recursivelyTraverseDeletionEffects (webpack-internal:///(app-pages-browser)/./node_modules/next/dist/compiled/react-dom/cjs/react-dom.development.js:22026:5)
    at commitDeletionEffectsOnFiber (webpack-internal:///(app-pages-browser)/./node_modules/next/dist/compiled/react-dom/cjs/react-dom.development.js:22201:9)
    at recursivelyTraverseDeletionEffects (webpack-internal:///(app-pages-browser)/./node_modules/next/dist/compiled/react-dom/cjs/react-dom.development.js:22026:5)
    at commitDeletionEffectsOnFiber (webpack-internal:///(app-pages-browser)/./node_modules/next/dist/compiled/react-dom/cjs/react-dom.development.js:22098:11)
    at recursivelyTraverseDeletionEffects (webpack-internal:///(app-pages-browser)/./node_modules/next/dist/compiled/react-dom/cjs/react-dom.development.js:22026:5)
    at commitDeletionEffectsOnFiber (webpack-internal:///(app-pages-browser)/./node_modules/next/dist/compiled/react-dom/cjs/react-dom.development.js:22201:9)
    at commitDeletionEffects (webpack-internal:///(app-pages-browser)/./node_modules/next/dist/compiled/react-dom/cjs/react-dom.development.js:22013:5)
    at recursivelyTraverseMutationEffects (webpack-internal:///(app-pages-browser)/./node_modules/next/dist/compiled/react-dom/cjs/react-dom.development.js:22413:9)
    at commitMutationEffectsOnFiber (webpack-internal:///(app-pages-browser)/./node_modules/next/dist/compiled/react-dom/cjs/react-dom.development.js:22449:9)
    at recursivelyTraverseMutationEffects (webpack-internal:///(app-pages-browser)/./node_modules/next/dist/compiled/react-dom/cjs/react-dom.development.js:22427:7)
    at commitMutationEffectsOnFiber (webpack-internal:///(app-pages-browser)/./node_modules/next/dist/compiled/react-dom/cjs/react-dom.development.js:22876:9)
    at recursivelyTraverseMutationEffects (webpack-internal:///(app-pages-browser)/./node_modules/next/dist/compiled/react-dom/cjs/react-dom.development.js:22427:7)
    at commitMutationEffectsOnFiber (webpack-internal:///(app-pages-browser)/./node_modules/next/dist/compiled/react-dom/cjs/react-dom.development.js:22876:9)
    at recursivelyTraverseMutationEffects (webpack-internal:///(app-pages-browser)/./node_modules/next/dist/compiled/react-dom/cjs/react-dom.development.js:22427:7)
    at commitMutationEffectsOnFiber (webpack-internal:///(app-pages-browser)/./node_modules/next/dist/compiled/react-dom/cjs/react-dom.development.js:22449:9)
    at recursivelyTraverseMutationEffects (webpack-internal:///(app-pages-browser)/./node_modules/next/dist/compiled/react-dom/cjs/react-dom.development.js:22427:7)
    at commitMutationEffectsOnFiber (webpack-internal:///(app-pages-browser)/./node_modules/next/dist/compiled/react-dom/cjs/react-dom.development.js:22488:9)
    at recursivelyTraverseMutationEffects (webpack-internal:///(app-pages-browser)/./node_modules/next/dist/compiled/react-dom/cjs/react-dom.development.js:22427:7)
    at commitMutationEffectsOnFiber (webpack-internal:///(app-pages-browser)/./node_modules/next/dist/compiled/react-dom/cjs/react-dom.development.js:22449:9)
    at recursivelyTraverseMutationEffects (webpack-internal:///(app-pages-browser)/./node_modules/next/dist/compiled/react-dom/cjs/react-dom.development.js:22427:7)
[  351247ms] Error: Invalid easing type 'expo.out'
    at invariant (webpack-internal:///(app-pages-browser)/./node_modules/motion-utils/dist/es/errors.mjs:19:19)
    at easingDefinitionToFunction (webpack-internal:///(app-pages-browser)/./node_modules/framer-motion/dist/es/easing/utils/map.mjs:42:64)
    at keyframes (webpack-internal:///(app-pages-browser)/./node_modules/framer-motion/dist/es/animation/generators/keyframes.mjs:29:92)
    at MainThreadAnimation.initPlayback (webpack-internal:///(app-pages-browser)/./node_modules/framer-motion/dist/es/animation/animators/MainThreadAnimation.mjs:121:27)
    at MainThreadAnimation.onKeyframesResolved (webpack-internal:///(app-pages-browser)/./node_modules/framer-motion/dist/es/animation/animators/BaseAnimation.mjs:97:40)
    at DOMKeyframesResolver.onResolved [as onComplete] (webpack-internal:///(app-pages-browser)/./node_modules/framer-motion/dist/es/animation/animators/MainThreadAnimation.mjs:89:71)
    at DOMKeyframesResolver.complete (webpack-internal:///(app-pages-browser)/./node_modules/framer-motion/dist/es/render/utils/KeyframesResolver.mjs:156:14)
    at eval (webpack-internal:///(app-pages-browser)/./node_modules/framer-motion/dist/es/render/utils/KeyframesResolver.mjs:54:46)
    at Set.forEach (<anonymous>)
    at measureAllKeyframes (webpack-internal:///(app-pages-browser)/./node_modules/framer-motion/dist/es/render/utils/KeyframesResolver.mjs:54:15)
    at flushKeyframeResolvers (webpack-internal:///(app-pages-browser)/./node_modules/framer-motion/dist/es/render/utils/KeyframesResolver.mjs:67:5)
    at get resolved (webpack-internal:///(app-pages-browser)/./node_modules/framer-motion/dist/es/animation/animators/BaseAnimation.mjs:66:104)
    at get state (webpack-internal:///(app-pages-browser)/./node_modules/framer-motion/dist/es/animation/animators/AcceleratedAnimation.mjs:205:17)
    at AcceleratedAnimation.stop (webpack-internal:///(app-pages-browser)/./node_modules/framer-motion/dist/es/animation/animators/AcceleratedAnimation.mjs:259:18)
    at MotionValue.stop (webpack-internal:///(app-pages-browser)/./node_modules/framer-motion/dist/es/value/index.mjs:291:28)
    at eval (webpack-internal:///(app-pages-browser)/./node_modules/framer-motion/dist/es/render/VisualElement.mjs:249:23)
    at eval (webpack-internal:///(app-pages-browser)/./node_modules/framer-motion/dist/es/render/VisualElement.mjs:210:53)
    at Map.forEach (<anonymous>)
    at HTMLVisualElement.unmount (webpack-internal:///(app-pages-browser)/./node_modules/framer-motion/dist/es/render/VisualElement.mjs:210:33)
    at eval (webpack-internal:///(app-pages-browser)/./node_modules/framer-motion/dist/es/motion/utils/use-motion-ref.mjs:24:31)
    at safelyDetachRef (webpack-internal:///(app-pages-browser)/./node_modules/next/dist/compiled/react-dom/cjs/react-dom.development.js:20844:22)
    at commitDeletionEffectsOnFiber (webpack-internal:///(app-pages-browser)/./node_modules/next/dist/compiled/react-dom/cjs/react-dom.development.js:22084:11)
    at recursivelyTraverseDeletionEffects (webpack-internal:///(app-pages-browser)/./node_modules/next/dist/compiled/react-dom/cjs/react-dom.development.js:22026:5)
    at commitDeletionEffectsOnFiber (webpack-internal:///(app-pages-browser)/./node_modules/next/dist/compiled/react-dom/cjs/react-dom.development.js:22254:9)
    at recursivelyTraverseDeletionEffects (webpack-internal:///(app-pages-browser)/./node_modules/next/dist/compiled/react-dom/cjs/react-dom.development.js:22026:5)
    at commitDeletionEffectsOnFiber (webpack-internal:///(app-pages-browser)/./node_modules/next/dist/compiled/react-dom/cjs/react-dom.development.js:22201:9)
    at recursivelyTraverseDeletionEffects (webpack-internal:///(app-pages-browser)/./node_modules/next/dist/compiled/react-dom/cjs/react-dom.development.js:22026:5)
    at commitDeletionEffectsOnFiber (webpack-internal:///(app-pages-browser)/./node_modules/next/dist/compiled/react-dom/cjs/react-dom.development.js:22098:11)
    at recursivelyTraverseDeletionEffects (webpack-internal:///(app-pages-browser)/./node_modules/next/dist/compiled/react-dom/cjs/react-dom.development.js:22026:5)
    at commitDeletionEffectsOnFiber (webpack-internal:///(app-pages-browser)/./node_modules/next/dist/compiled/react-dom/cjs/react-dom.development.js:22098:11)
    at recursivelyTraverseDeletionEffects (webpack-internal:///(app-pages-browser)/./node_modules/next/dist/compiled/react-dom/cjs/react-dom.development.js:22026:5)
    at commitDeletionEffectsOnFiber (webpack-internal:///(app-pages-browser)/./node_modules/next/dist/compiled/react-dom/cjs/react-dom.development.js:22201:9)
    at recursivelyTraverseDeletionEffects (webpack-internal:///(app-pages-browser)/./node_modules/next/dist/compiled/react-dom/cjs/react-dom.development.js:22026:5)
    at commitDeletionEffectsOnFiber (webpack-internal:///(app-pages-browser)/./node_modules/next/dist/compiled/react-dom/cjs/react-dom.development.js:22201:9)
    at recursivelyTraverseDeletionEffects (webpack-internal:///(app-pages-browser)/./node_modules/next/dist/compiled/react-dom/cjs/react-dom.development.js:22026:5)
    at commitDeletionEffectsOnFiber (webpack-internal:///(app-pages-browser)/./node_modules/next/dist/compiled/react-dom/cjs/react-dom.development.js:22254:9)
    at recursivelyTraverseDeletionEffects (webpack-internal:///(app-pages-browser)/./node_modules/next/dist/compiled/react-dom/cjs/react-dom.development.js:22026:5)
    at commitDeletionEffectsOnFiber (webpack-internal:///(app-pages-browser)/./node_modules/next/dist/compiled/react-dom/cjs/react-dom.development.js:22254:9)
    at recursivelyTraverseDeletionEffects (webpack-internal:///(app-pages-browser)/./node_modules/next/dist/compiled/react-dom/cjs/react-dom.development.js:22026:5)
    at commitDeletionEffectsOnFiber (webpack-internal:///(app-pages-browser)/./node_modules/next/dist/compiled/react-dom/cjs/react-dom.development.js:22201:9)
    at recursivelyTraverseDeletionEffects (webpack-internal:///(app-pages-browser)/./node_modules/next/dist/compiled/react-dom/cjs/react-dom.development.js:22026:5)
    at commitDeletionEffectsOnFiber (webpack-internal:///(app-pages-browser)/./node_modules/next/dist/compiled/react-dom/cjs/react-dom.development.js:22216:9)
    at recursivelyTraverseDeletionEffects (webpack-internal:///(app-pages-browser)/./node_modules/next/dist/compiled/react-dom/cjs/react-dom.development.js:22026:5)
    at commitDeletionEffectsOnFiber (webpack-internal:///(app-pages-browser)/./node_modules/next/dist/compiled/react-dom/cjs/react-dom.development.js:22201:9)
    at recursivelyTraverseDeletionEffects (webpack-internal:///(app-pages-browser)/./node_modules/next/dist/compiled/react-dom/cjs/react-dom.development.js:22026:5)
    at commitDeletionEffectsOnFiber (webpack-internal:///(app-pages-browser)/./node_modules/next/dist/compiled/react-dom/cjs/react-dom.development.js:22216:9)
    at recursivelyTraverseDeletionEffects (webpack-internal:///(app-pages-browser)/./node_modules/next/dist/compiled/react-dom/cjs/react-dom.development.js:22026:5)
    at commitDeletionEffectsOnFiber (webpack-internal:///(app-pages-browser)/./node_modules/next/dist/compiled/react-dom/cjs/react-dom.development.js:22201:9)
    at recursivelyTraverseDeletionEffects (webpack-internal:///(app-pages-browser)/./node_modules/next/dist/compiled/react-dom/cjs/react-dom.development.js:22026:5)
    at commitDeletionEffectsOnFiber (webpack-internal:///(app-pages-browser)/./node_modules/next/dist/compiled/react-dom/cjs/react-dom.development.js:22201:9)
[  351248ms] Error: Invalid easing type 'expo.out'
    at invariant (webpack-internal:///(app-pages-browser)/./node_modules/motion-utils/dist/es/errors.mjs:19:19)
    at easingDefinitionToFunction (webpack-internal:///(app-pages-browser)/./node_modules/framer-motion/dist/es/easing/utils/map.mjs:42:64)
    at keyframes (webpack-internal:///(app-pages-browser)/./node_modules/framer-motion/dist/es/animation/generators/keyframes.mjs:29:92)
    at MainThreadAnimation.initPlayback (webpack-internal:///(app-pages-browser)/./node_modules/framer-motion/dist/es/animation/animators/MainThreadAnimation.mjs:121:27)
    at MainThreadAnimation.onKeyframesResolved (webpack-internal:///(app-pages-browser)/./node_modules/framer-motion/dist/es/animation/animators/BaseAnimation.mjs:97:40)
    at DOMKeyframesResolver.onResolved [as onComplete] (webpack-internal:///(app-pages-browser)/./node_modules/framer-motion/dist/es/animation/animators/MainThreadAnimation.mjs:89:71)
    at DOMKeyframesResolver.complete (webpack-internal:///(app-pages-browser)/./node_modules/framer-motion/dist/es/render/utils/KeyframesResolver.mjs:156:14)
    at eval (webpack-internal:///(app-pages-browser)/./node_modules/framer-motion/dist/es/render/utils/KeyframesResolver.mjs:54:46)
    at Set.forEach (<anonymous>)
    at measureAllKeyframes (webpack-internal:///(app-pages-browser)/./node_modules/framer-motion/dist/es/render/utils/KeyframesResolver.mjs:54:15)
    at flushKeyframeResolvers (webpack-internal:///(app-pages-browser)/./node_modules/framer-motion/dist/es/render/utils/KeyframesResolver.mjs:67:5)
    at get resolved (webpack-internal:///(app-pages-browser)/./node_modules/framer-motion/dist/es/animation/animators/BaseAnimation.mjs:66:104)
    at get state (webpack-internal:///(app-pages-browser)/./node_modules/framer-motion/dist/es/animation/animators/AcceleratedAnimation.mjs:205:17)
    at AcceleratedAnimation.stop (webpack-internal:///(app-pages-browser)/./node_modules/framer-motion/dist/es/animation/animators/AcceleratedAnimation.mjs:259:18)
    at MotionValue.stop (webpack-internal:///(app-pages-browser)/./node_modules/framer-motion/dist/es/value/index.mjs:291:28)
    at eval (webpack-internal:///(app-pages-browser)/./node_modules/framer-motion/dist/es/render/VisualElement.mjs:249:23)
    at eval (webpack-internal:///(app-pages-browser)/./node_modules/framer-motion/dist/es/render/VisualElement.mjs:210:53)
    at Map.forEach (<anonymous>)
    at HTMLVisualElement.unmount (webpack-internal:///(app-pages-browser)/./node_modules/framer-motion/dist/es/render/VisualElement.mjs:210:33)
    at eval (webpack-internal:///(app-pages-browser)/./node_modules/framer-motion/dist/es/motion/utils/use-motion-ref.mjs:24:31)
    at safelyDetachRef (webpack-internal:///(app-pages-browser)/./node_modules/next/dist/compiled/react-dom/cjs/react-dom.development.js:20844:22)
    at commitDeletionEffectsOnFiber (webpack-internal:///(app-pages-browser)/./node_modules/next/dist/compiled/react-dom/cjs/react-dom.development.js:22084:11)
    at recursivelyTraverseDeletionEffects (webpack-internal:///(app-pages-browser)/./node_modules/next/dist/compiled/react-dom/cjs/react-dom.development.js:22026:5)
    at commitDeletionEffectsOnFiber (webpack-internal:///(app-pages-browser)/./node_modules/next/dist/compiled/react-dom/cjs/react-dom.development.js:22254:9)
    at recursivelyTraverseDeletionEffects (webpack-internal:///(app-pages-browser)/./node_modules/next/dist/compiled/react-dom/cjs/react-dom.development.js:22026:5)
    at commitDeletionEffectsOnFiber (webpack-internal:///(app-pages-browser)/./node_modules/next/dist/compiled/react-dom/cjs/react-dom.development.js:22201:9)
    at recursivelyTraverseDeletionEffects (webpack-internal:///(app-pages-browser)/./node_modules/next/dist/compiled/react-dom/cjs/react-dom.development.js:22026:5)
    at commitDeletionEffectsOnFiber (webpack-internal:///(app-pages-browser)/./node_modules/next/dist/compiled/react-dom/cjs/react-dom.development.js:22254:9)
    at recursivelyTraverseDeletionEffects (webpack-internal:///(app-pages-browser)/./node_modules/next/dist/compiled/react-dom/cjs/react-dom.development.js:22026:5)
    at commitDeletionEffectsOnFiber (webpack-internal:///(app-pages-browser)/./node_modules/next/dist/compiled/react-dom/cjs/react-dom.development.js:22201:9)
    at recursivelyTraverseDeletionEffects (webpack-internal:///(app-pages-browser)/./node_modules/next/dist/compiled/react-dom/cjs/react-dom.development.js:22026:5)
    at commitDeletionEffectsOnFiber (webpack-internal:///(app-pages-browser)/./node_modules/next/dist/compiled/react-dom/cjs/react-dom.development.js:22201:9)
    at recursivelyTraverseDeletionEffects (webpack-internal:///(app-pages-browser)/./node_modules/next/dist/compiled/react-dom/cjs/react-dom.development.js:22026:5)
    at commitDeletionEffectsOnFiber (webpack-internal:///(app-pages-browser)/./node_modules/next/dist/compiled/react-dom/cjs/react-dom.development.js:22098:11)
    at recursivelyTraverseDeletionEffects (webpack-internal:///(app-pages-browser)/./node_modules/next/dist/compiled/react-dom/cjs/react-dom.development.js:22026:5)
    at commitDeletionEffectsOnFiber (webpack-internal:///(app-pages-browser)/./node_modules/next/dist/compiled/react-dom/cjs/react-dom.development.js:22201:9)
    at recursivelyTraverseDeletionEffects (webpack-internal:///(app-pages-browser)/./node_modules/next/dist/compiled/react-dom/cjs/react-dom.development.js:22026:5)
    at commitDeletionEffectsOnFiber (webpack-internal:///(app-pages-browser)/./node_modules/next/dist/compiled/react-dom/cjs/react-dom.development.js:22201:9)
    at recursivelyTraverseDeletionEffects (webpack-internal:///(app-pages-browser)/./node_modules/next/dist/compiled/react-dom/cjs/react-dom.development.js:22026:5)
    at commitDeletionEffectsOnFiber (webpack-internal:///(app-pages-browser)/./node_modules/next/dist/compiled/react-dom/cjs/react-dom.development.js:22254:9)
    at recursivelyTraverseDeletionEffects (webpack-internal:///(app-pages-browser)/./node_modules/next/dist/compiled/react-dom/cjs/react-dom.development.js:22026:5)
    at commitDeletionEffectsOnFiber (webpack-internal:///(app-pages-browser)/./node_modules/next/dist/compiled/react-dom/cjs/react-dom.development.js:22254:9)
    at recursivelyTraverseDeletionEffects (webpack-internal:///(app-pages-browser)/./node_modules/next/dist/compiled/react-dom/cjs/react-dom.development.js:22026:5)
    at commitDeletionEffectsOnFiber (webpack-internal:///(app-pages-browser)/./node_modules/next/dist/compiled/react-dom/cjs/react-dom.development.js:22201:9)
    at recursivelyTraverseDeletionEffects (webpack-internal:///(app-pages-browser)/./node_modules/next/dist/compiled/react-dom/cjs/react-dom.development.js:22026:5)
    at commitDeletionEffectsOnFiber (webpack-internal:///(app-pages-browser)/./node_modules/next/dist/compiled/react-dom/cjs/react-dom.development.js:22216:9)
    at recursivelyTraverseDeletionEffects (webpack-internal:///(app-pages-browser)/./node_modules/next/dist/compiled/react-dom/cjs/react-dom.development.js:22026:5)
    at commitDeletionEffectsOnFiber (webpack-internal:///(app-pages-browser)/./node_modules/next/dist/compiled/react-dom/cjs/react-dom.development.js:22201:9)
    at recursivelyTraverseDeletionEffects (webpack-internal:///(app-pages-browser)/./node_modules/next/dist/compiled/react-dom/cjs/react-dom.development.js:22026:5)
    at commitDeletionEffectsOnFiber (webpack-internal:///(app-pages-browser)/./node_modules/next/dist/compiled/react-dom/cjs/react-dom.development.js:22216:9)
[  351249ms] [ERROR] The above error occurred in the <NotFoundErrorBoundary> component:

    at section
    at MotionComponent (webpack-internal:///(app-pages-browser)/./node_modules/framer-motion/dist/es/motion/index.mjs:54:65)
    at PresenceChild (webpack-internal:///(app-pages-browser)/./node_modules/framer-motion/dist/es/components/AnimatePresence/PresenceChild.mjs:18:11)
    at AnimatePresence (webpack-internal:///(app-pages-browser)/./node_modules/framer-motion/dist/es/components/AnimatePresence/index.mjs:55:11)
    at div
    at LandingPage (webpack-internal:///(app-pages-browser)/./app/page.tsx:29:78)
    at ClientPageRoot (webpack-internal:///(app-pages-browser)/./node_modules/next/dist/client/components/client-page.js:14:11)
    at InnerLayoutRouter (webpack-internal:///(app-pages-browser)/./node_modules/next/dist/client/components/layout-router.js:243:11)
    at RedirectErrorBoundary (webpack-internal:///(app-pages-browser)/./node_modules/next/dist/client/components/redirect-boundary.js:74:9)
    at RedirectBoundary (webpack-internal:///(app-pages-browser)/./node_modules/next/dist/client/components/redirect-boundary.js:82:11)
    at NotFoundErrorBoundary (webpack-internal:///(app-pages-browser)/./node_modules/next/dist/client/components/not-found-boundary.js:76:9)
    at NotFoundBoundary (webpack-internal:///(app-pages-browser)/./node_modules/next/dist/client/components/not-found-boundary.js:84:11)
    at LoadingBoundary (webpack-internal:///(app-pages-browser)/./node_modules/next/dist/client/components/layout-router.js:348:11)
    at ErrorBoundary (webpack-internal:///(app-pages-browser)/./node_modules/next/dist/client/components/error-boundary.js:160:11)
    at InnerScrollAndFocusHandler (webpack-internal:///(app-pages-browser)/./node_modules/next/dist/client/components/layout-router.js:153:9)
    at ScrollAndFocusHandler (webpack-internal:///(app-pages-browser)/./node_modules/next/dist/client/components/layout-router.js:228:11)
    at RenderFromTemplateContext (webpack-internal:///(app-pages-browser)/./node_modules/next/dist/client/components/render-from-template-context.js:16:44)
    at OuterLayoutRouter (webpack-internal:///(app-pages-browser)/./node_modules/next/dist/client/components/layout-router.js:369:11)
    at main
    at body
    at html
    at RootLayout (Server)
    at RedirectErrorBoundary (webpack-internal:///(app-pages-browser)/./node_modules/next/dist/client/components/redirect-boundary.js:74:9)
    at RedirectBoundary (webpack-internal:///(app-pages-browser)/./node_modules/next/dist/client/components/redirect-boundary.js:82:11)
    at NotFoundErrorBoundary (webpack-internal:///(app-pages-browser)/./node_modules/next/dist/client/components/not-found-boundary.js:76:9)
    at NotFoundBoundary (webpack-internal:///(app-pages-browser)/./node_modules/next/dist/client/components/not-found-boundary.js:84:11)
    at DevRootNotFoundBoundary (webpack-internal:///(app-pages-browser)/./node_modules/next/dist/client/components/dev-root-not-found-boundary.js:33:11)
    at ReactDevOverlay (webpack-internal:///(app-pages-browser)/./node_modules/next/dist/client/components/react-dev-overlay/app/ReactDevOverlay.js:87:9)
    at HotReload (webpack-internal:///(app-pages-browser)/./node_modules/next/dist/client/components/react-dev-overlay/app/hot-reloader-client.js:321:11)
    at Router (webpack-internal:///(app-pages-browser)/./node_modules/next/dist/client/components/app-router.js:207:11)
    at ErrorBoundaryHandler (webpack-internal:///(app-pages-browser)/./node_modules/next/dist/client/components/error-boundary.js:113:9)
    at ErrorBoundary (webpack-internal:///(app-pages-browser)/./node_modules/next/dist/client/components/error-boundary.js:160:11)
    at AppRouter (webpack-internal:///(app-pages-browser)/./node_modules/next/dist/client/components/app-router.js:577:13)
    at ServerRoot (webpack-internal:///(app-pages-browser)/./node_modules/next/dist/client/app-index.js:112:27)
    at Root (webpack-internal:///(app-pages-browser)/./node_modules/next/dist/client/app-index.js:117:11)

React will try to recreate this component tree from scratch using the error boundary you provided, ReactDevOverlay. @ webpack-internal:///(app-pages-browser)/./node_modules/next/dist/client/app-index.js:32
[  351251ms] [ERROR] The above error occurred in the <div> component:

    at div
    at MotionComponent (webpack-internal:///(app-pages-browser)/./node_modules/framer-motion/dist/es/motion/index.mjs:54:65)
    at nav
    at div
    at LandingPage (webpack-internal:///(app-pages-browser)/./app/page.tsx:29:78)
    at ClientPageRoot (webpack-internal:///(app-pages-browser)/./node_modules/next/dist/client/components/client-page.js:14:11)
    at InnerLayoutRouter (webpack-internal:///(app-pages-browser)/./node_modules/next/dist/client/components/layout-router.js:243:11)
    at RedirectErrorBoundary (webpack-internal:///(app-pages-browser)/./node_modules/next/dist/client/components/redirect-boundary.js:74:9)
    at RedirectBoundary (webpack-internal:///(app-pages-browser)/./node_modules/next/dist/client/components/redirect-boundary.js:82:11)
    at NotFoundErrorBoundary (webpack-internal:///(app-pages-browser)/./node_modules/next/dist/client/components/not-found-boundary.js:76:9)
    at NotFoundBoundary (webpack-internal:///(app-pages-browser)/./node_modules/next/dist/client/components/not-found-boundary.js:84:11)
    at LoadingBoundary (webpack-internal:///(app-pages-browser)/./node_modules/next/dist/client/components/layout-router.js:348:11)
    at ErrorBoundary (webpack-internal:///(app-pages-browser)/./node_modules/next/dist/client/components/error-boundary.js:160:11)
    at InnerScrollAndFocusHandler (webpack-internal:///(app-pages-browser)/./node_modules/next/dist/client/components/layout-router.js:153:9)
    at ScrollAndFocusHandler (webpack-internal:///(app-pages-browser)/./node_modules/next/dist/client/components/layout-router.js:228:11)
    at RenderFromTemplateContext (webpack-internal:///(app-pages-browser)/./node_modules/next/dist/client/components/render-from-template-context.js:16:44)
    at OuterLayoutRouter (webpack-internal:///(app-pages-browser)/./node_modules/next/dist/client/components/layout-router.js:369:11)
    at main
    at body
    at html
    at RootLayout (Server)
    at RedirectErrorBoundary (webpack-internal:///(app-pages-browser)/./node_modules/next/dist/client/components/redirect-boundary.js:74:9)
    at RedirectBoundary (webpack-internal:///(app-pages-browser)/./node_modules/next/dist/client/components/redirect-boundary.js:82:11)
    at NotFoundErrorBoundary (webpack-internal:///(app-pages-browser)/./node_modules/next/dist/client/components/not-found-boundary.js:76:9)
    at NotFoundBoundary (webpack-internal:///(app-pages-browser)/./node_modules/next/dist/client/components/not-found-boundary.js:84:11)
    at DevRootNotFoundBoundary (webpack-internal:///(app-pages-browser)/./node_modules/next/dist/client/components/dev-root-not-found-boundary.js:33:11)
    at ReactDevOverlay (webpack-internal:///(app-pages-browser)/./node_modules/next/dist/client/components/react-dev-overlay/app/ReactDevOverlay.js:87:9)
    at HotReload (webpack-internal:///(app-pages-browser)/./node_modules/next/dist/client/components/react-dev-overlay/app/hot-reloader-client.js:321:11)
    at Router (webpack-internal:///(app-pages-browser)/./node_modules/next/dist/client/components/app-router.js:207:11)
    at ErrorBoundaryHandler (webpack-internal:///(app-pages-browser)/./node_modules/next/dist/client/components/error-boundary.js:113:9)
    at ErrorBoundary (webpack-internal:///(app-pages-browser)/./node_modules/next/dist/client/components/error-boundary.js:160:11)
    at AppRouter (webpack-internal:///(app-pages-browser)/./node_modules/next/dist/client/components/app-router.js:577:13)
    at ServerRoot (webpack-internal:///(app-pages-browser)/./node_modules/next/dist/client/app-index.js:112:27)
    at Root (webpack-internal:///(app-pages-browser)/./node_modules/next/dist/client/app-index.js:117:11)

React will try to recreate this component tree from scratch using the error boundary you provided, ReactDevOverlay. @ webpack-internal:///(app-pages-browser)/./node_modules/next/dist/client/app-index.js:32
[  351251ms] [ERROR] The above error occurred in the <section> component:

    at section
    at MotionComponent (webpack-internal:///(app-pages-browser)/./node_modules/framer-motion/dist/es/motion/index.mjs:54:65)
    at PresenceChild (webpack-internal:///(app-pages-browser)/./node_modules/framer-motion/dist/es/components/AnimatePresence/PresenceChild.mjs:18:11)
    at AnimatePresence (webpack-internal:///(app-pages-browser)/./node_modules/framer-motion/dist/es/components/AnimatePresence/index.mjs:55:11)
    at div
    at LandingPage (webpack-internal:///(app-pages-browser)/./app/page.tsx:29:78)
    at ClientPageRoot (webpack-internal:///(app-pages-browser)/./node_modules/next/dist/client/components/client-page.js:14:11)
    at InnerLayoutRouter (webpack-internal:///(app-pages-browser)/./node_modules/next/dist/client/components/layout-router.js:243:11)
    at RedirectErrorBoundary (webpack-internal:///(app-pages-browser)/./node_modules/next/dist/client/components/redirect-boundary.js:74:9)
    at RedirectBoundary (webpack-internal:///(app-pages-browser)/./node_modules/next/dist/client/components/redirect-boundary.js:82:11)
    at NotFoundErrorBoundary (webpack-internal:///(app-pages-browser)/./node_modules/next/dist/client/components/not-found-boundary.js:76:9)
    at NotFoundBoundary (webpack-internal:///(app-pages-browser)/./node_modules/next/dist/client/components/not-found-boundary.js:84:11)
    at LoadingBoundary (webpack-internal:///(app-pages-browser)/./node_modules/next/dist/client/components/layout-router.js:348:11)
    at ErrorBoundary (webpack-internal:///(app-pages-browser)/./node_modules/next/dist/client/components/error-boundary.js:160:11)
    at InnerScrollAndFocusHandler (webpack-internal:///(app-pages-browser)/./node_modules/next/dist/client/components/layout-router.js:153:9)
    at ScrollAndFocusHandler (webpack-internal:///(app-pages-browser)/./node_modules/next/dist/client/components/layout-router.js:228:11)
    at RenderFromTemplateContext (webpack-internal:///(app-pages-browser)/./node_modules/next/dist/client/components/render-from-template-context.js:16:44)
    at OuterLayoutRouter (webpack-internal:///(app-pages-browser)/./node_modules/next/dist/client/components/layout-router.js:369:11)
    at main
    at body
    at html
    at RootLayout (Server)
    at RedirectErrorBoundary (webpack-internal:///(app-pages-browser)/./node_modules/next/dist/client/components/redirect-boundary.js:74:9)
    at RedirectBoundary (webpack-internal:///(app-pages-browser)/./node_modules/next/dist/client/components/redirect-boundary.js:82:11)
    at NotFoundErrorBoundary (webpack-internal:///(app-pages-browser)/./node_modules/next/dist/client/components/not-found-boundary.js:76:9)
    at NotFoundBoundary (webpack-internal:///(app-pages-browser)/./node_modules/next/dist/client/components/not-found-boundary.js:84:11)
    at DevRootNotFoundBoundary (webpack-internal:///(app-pages-browser)/./node_modules/next/dist/client/components/dev-root-not-found-boundary.js:33:11)
    at ReactDevOverlay (webpack-internal:///(app-pages-browser)/./node_modules/next/dist/client/components/react-dev-overlay/app/ReactDevOverlay.js:87:9)
    at HotReload (webpack-internal:///(app-pages-browser)/./node_modules/next/dist/client/components/react-dev-overlay/app/hot-reloader-client.js:321:11)
    at Router (webpack-internal:///(app-pages-browser)/./node_modules/next/dist/client/components/app-router.js:207:11)
    at ErrorBoundaryHandler (webpack-internal:///(app-pages-browser)/./node_modules/next/dist/client/components/error-boundary.js:113:9)
    at ErrorBoundary (webpack-internal:///(app-pages-browser)/./node_modules/next/dist/client/components/error-boundary.js:160:11)
    at AppRouter (webpack-internal:///(app-pages-browser)/./node_modules/next/dist/client/components/app-router.js:577:13)
    at ServerRoot (webpack-internal:///(app-pages-browser)/./node_modules/next/dist/client/app-index.js:112:27)
    at Root (webpack-internal:///(app-pages-browser)/./node_modules/next/dist/client/app-index.js:117:11)

React will try to recreate this component tree from scratch using the error boundary you provided, ReactDevOverlay. @ webpack-internal:///(app-pages-browser)/./node_modules/next/dist/client/app-index.js:32
[  351276ms] [WARNING] [Fast Refresh] performing full reload because your application had an unrecoverable error @ webpack-internal:///(app-pages-browser)/./node_modules/next/dist/client/components/react-dev-overlay/app/hot-reloader-client.js:114
[  351691ms] [INFO] %cDownload the React DevTools for a better development experience: https://reactjs.org/link/react-devtools font-weight:bold @ webpack-internal:///(app-pages-browser)/./node_modules/next/dist/compiled/react-dom/cjs/react-dom.development.js:38559
[  499781ms] [LOG] [Fast Refresh] rebuilding @ webpack-internal:///(app-pages-browser)/./node_modules/next/dist/client/components/react-dev-overlay/app/hot-reloader-client.js:186
[  499967ms] [LOG] [Fast Refresh] rebuilding @ webpack-internal:///(app-pages-browser)/./node_modules/next/dist/client/components/react-dev-overlay/app/hot-reloader-client.js:186
[  499978ms] [LOG] [Fast Refresh] done in 12ms @ webpack-internal:///(app-pages-browser)/./node_modules/next/dist/client/components/react-dev-overlay/app/hot-reloader-client.js:43
[  500067ms] [LOG] [Fast Refresh] done in 101ms @ webpack-internal:///(app-pages-browser)/./node_modules/next/dist/client/components/react-dev-overlay/app/hot-reloader-client.js:43
[  522451ms] [LOG] [Fast Refresh] rebuilding @ webpack-internal:///(app-pages-browser)/./node_modules/next/dist/client/components/react-dev-overlay/app/hot-reloader-client.js:186
[  526673ms] [LOG] [Fast Refresh] done in 4223ms @ webpack-internal:///(app-pages-browser)/./node_modules/next/dist/client/components/react-dev-overlay/app/hot-reloader-client.js:43
[  526970ms] TypeError: Cannot read properties of undefined (reading 'S')
    at Tt.exports (webpack-internal:///(app-pages-browser)/./node_modules/@react-three/fiber/dist/events-b389eeca.esm.js:12996:512)
    at createReconciler (webpack-internal:///(app-pages-browser)/./node_modules/@react-three/fiber/dist/events-b389eeca.esm.js:14126:24)
    at eval (webpack-internal:///(app-pages-browser)/./node_modules/@react-three/fiber/dist/events-b389eeca.esm.js:14395:36)
    at (app-pages-browser)/./node_modules/@react-three/fiber/dist/events-b389eeca.esm.js (http://localhost:3000/_next/static/chunks/_app-pages-browser_components_Background3D_tsx.js:62:1)
    at options.factory (http://localhost:3000/_next/static/chunks/webpack.js?v=1780087768388:715:31)
    at __webpack_require__ (http://localhost:3000/_next/static/chunks/webpack.js?v=1780087768388:37:33)
    at fn (http://localhost:3000/_next/static/chunks/webpack.js?v=1780087768388:371:21)
    at eval (webpack-internal:///(app-pages-browser)/./components/Background3D.tsx:6:76)
    at (app-pages-browser)/./components/Background3D.tsx (http://localhost:3000/_next/static/chunks/_app-pages-browser_components_Background3D_tsx.js:182:1)
    at options.factory (http://localhost:3000/_next/static/chunks/webpack.js?v=1780087768388:715:31)
    at __webpack_require__ (http://localhost:3000/_next/static/chunks/webpack.js?v=1780087768388:37:33)
    at fn (http://localhost:3000/_next/static/chunks/webpack.js?v=1780087768388:371:21)
[  526975ms] TypeError: Cannot read properties of undefined (reading 'S')
    at Tt.exports (webpack-internal:///(app-pages-browser)/./node_modules/@react-three/fiber/dist/events-b389eeca.esm.js:12996:512)
    at createReconciler (webpack-internal:///(app-pages-browser)/./node_modules/@react-three/fiber/dist/events-b389eeca.esm.js:14126:24)
    at eval (webpack-internal:///(app-pages-browser)/./node_modules/@react-three/fiber/dist/events-b389eeca.esm.js:14395:36)
    at (app-pages-browser)/./node_modules/@react-three/fiber/dist/events-b389eeca.esm.js (http://localhost:3000/_next/static/chunks/_app-pages-browser_components_Background3D_tsx.js:62:1)
    at options.factory (http://localhost:3000/_next/static/chunks/webpack.js?v=1780087768388:715:31)
    at __webpack_require__ (http://localhost:3000/_next/static/chunks/webpack.js?v=1780087768388:37:33)
    at fn (http://localhost:3000/_next/static/chunks/webpack.js?v=1780087768388:371:21)
    at eval (webpack-internal:///(app-pages-browser)/./components/Background3D.tsx:6:76)
    at (app-pages-browser)/./components/Background3D.tsx (http://localhost:3000/_next/static/chunks/_app-pages-browser_components_Background3D_tsx.js:182:1)
    at options.factory (http://localhost:3000/_next/static/chunks/webpack.js?v=1780087768388:715:31)
    at __webpack_require__ (http://localhost:3000/_next/static/chunks/webpack.js?v=1780087768388:37:33)
    at fn (http://localhost:3000/_next/static/chunks/webpack.js?v=1780087768388:371:21)
[  526976ms] TypeError: Cannot read properties of undefined (reading 'S')
    at Tt.exports (webpack-internal:///(app-pages-browser)/./node_modules/@react-three/fiber/dist/events-b389eeca.esm.js:12996:512)
    at createReconciler (webpack-internal:///(app-pages-browser)/./node_modules/@react-three/fiber/dist/events-b389eeca.esm.js:14126:24)
    at eval (webpack-internal:///(app-pages-browser)/./node_modules/@react-three/fiber/dist/events-b389eeca.esm.js:14395:36)
    at (app-pages-browser)/./node_modules/@react-three/fiber/dist/events-b389eeca.esm.js (http://localhost:3000/_next/static/chunks/_app-pages-browser_components_Background3D_tsx.js:62:1)
    at options.factory (http://localhost:3000/_next/static/chunks/webpack.js?v=1780087768388:715:31)
    at __webpack_require__ (http://localhost:3000/_next/static/chunks/webpack.js?v=1780087768388:37:33)
    at fn (http://localhost:3000/_next/static/chunks/webpack.js?v=1780087768388:371:21)
    at eval (webpack-internal:///(app-pages-browser)/./components/Background3D.tsx:6:76)
    at (app-pages-browser)/./components/Background3D.tsx (http://localhost:3000/_next/static/chunks/_app-pages-browser_components_Background3D_tsx.js:182:1)
    at options.factory (http://localhost:3000/_next/static/chunks/webpack.js?v=1780087768388:715:31)
    at __webpack_require__ (http://localhost:3000/_next/static/chunks/webpack.js?v=1780087768388:37:33)
    at fn (http://localhost:3000/_next/static/chunks/webpack.js?v=1780087768388:371:21)
[  526976ms] TypeError: Cannot read properties of undefined (reading 'S')
    at Tt.exports (webpack-internal:///(app-pages-browser)/./node_modules/@react-three/fiber/dist/events-b389eeca.esm.js:12996:512)
    at createReconciler (webpack-internal:///(app-pages-browser)/./node_modules/@react-three/fiber/dist/events-b389eeca.esm.js:14126:24)
    at eval (webpack-internal:///(app-pages-browser)/./node_modules/@react-three/fiber/dist/events-b389eeca.esm.js:14395:36)
    at (app-pages-browser)/./node_modules/@react-three/fiber/dist/events-b389eeca.esm.js (http://localhost:3000/_next/static/chunks/_app-pages-browser_components_Background3D_tsx.js:62:1)
    at options.factory (http://localhost:3000/_next/static/chunks/webpack.js?v=1780087768388:715:31)
    at __webpack_require__ (http://localhost:3000/_next/static/chunks/webpack.js?v=1780087768388:37:33)
    at fn (http://localhost:3000/_next/static/chunks/webpack.js?v=1780087768388:371:21)
    at eval (webpack-internal:///(app-pages-browser)/./components/Background3D.tsx:6:76)
    at (app-pages-browser)/./components/Background3D.tsx (http://localhost:3000/_next/static/chunks/_app-pages-browser_components_Background3D_tsx.js:182:1)
    at options.factory (http://localhost:3000/_next/static/chunks/webpack.js?v=1780087768388:715:31)
    at __webpack_require__ (http://localhost:3000/_next/static/chunks/webpack.js?v=1780087768388:37:33)
    at fn (http://localhost:3000/_next/static/chunks/webpack.js?v=1780087768388:371:21)
[  526976ms] TypeError: Cannot read properties of undefined (reading 'S')
    at Tt.exports (webpack-internal:///(app-pages-browser)/./node_modules/@react-three/fiber/dist/events-b389eeca.esm.js:12996:512)
    at createReconciler (webpack-internal:///(app-pages-browser)/./node_modules/@react-three/fiber/dist/events-b389eeca.esm.js:14126:24)
    at eval (webpack-internal:///(app-pages-browser)/./node_modules/@react-three/fiber/dist/events-b389eeca.esm.js:14395:36)
    at (app-pages-browser)/./node_modules/@react-three/fiber/dist/events-b389eeca.esm.js (http://localhost:3000/_next/static/chunks/_app-pages-browser_components_Background3D_tsx.js:62:1)
    at options.factory (http://localhost:3000/_next/static/chunks/webpack.js?v=1780087768388:715:31)
    at __webpack_require__ (http://localhost:3000/_next/static/chunks/webpack.js?v=1780087768388:37:33)
    at fn (http://localhost:3000/_next/static/chunks/webpack.js?v=1780087768388:371:21)
    at eval (webpack-internal:///(app-pages-browser)/./components/Background3D.tsx:6:76)
    at (app-pages-browser)/./components/Background3D.tsx (http://localhost:3000/_next/static/chunks/_app-pages-browser_components_Background3D_tsx.js:182:1)
    at options.factory (http://localhost:3000/_next/static/chunks/webpack.js?v=1780087768388:715:31)
    at __webpack_require__ (http://localhost:3000/_next/static/chunks/webpack.js?v=1780087768388:37:33)
    at fn (http://localhost:3000/_next/static/chunks/webpack.js?v=1780087768388:371:21)
[  526978ms] TypeError: Cannot read properties of undefined (reading 'S')
    at Tt.exports (webpack-internal:///(app-pages-browser)/./node_modules/@react-three/fiber/dist/events-b389eeca.esm.js:12996:512)
    at createReconciler (webpack-internal:///(app-pages-browser)/./node_modules/@react-three/fiber/dist/events-b389eeca.esm.js:14126:24)
    at eval (webpack-internal:///(app-pages-browser)/./node_modules/@react-three/fiber/dist/events-b389eeca.esm.js:14395:36)
    at (app-pages-browser)/./node_modules/@react-three/fiber/dist/events-b389eeca.esm.js (http://localhost:3000/_next/static/chunks/_app-pages-browser_components_Background3D_tsx.js:62:1)
    at options.factory (http://localhost:3000/_next/static/chunks/webpack.js?v=1780087768388:715:31)
    at __webpack_require__ (http://localhost:3000/_next/static/chunks/webpack.js?v=1780087768388:37:33)
    at fn (http://localhost:3000/_next/static/chunks/webpack.js?v=1780087768388:371:21)
    at eval (webpack-internal:///(app-pages-browser)/./components/Background3D.tsx:6:76)
    at (app-pages-browser)/./components/Background3D.tsx (http://localhost:3000/_next/static/chunks/_app-pages-browser_components_Background3D_tsx.js:182:1)
    at options.factory (http://localhost:3000/_next/static/chunks/webpack.js?v=1780087768388:715:31)
    at __webpack_require__ (http://localhost:3000/_next/static/chunks/webpack.js?v=1780087768388:37:33)
    at fn (http://localhost:3000/_next/static/chunks/webpack.js?v=1780087768388:371:21)
[  526979ms] TypeError: Cannot read properties of undefined (reading 'S')
    at Tt.exports (webpack-internal:///(app-pages-browser)/./node_modules/@react-three/fiber/dist/events-b389eeca.esm.js:12996:512)
    at createReconciler (webpack-internal:///(app-pages-browser)/./node_modules/@react-three/fiber/dist/events-b389eeca.esm.js:14126:24)
    at eval (webpack-internal:///(app-pages-browser)/./node_modules/@react-three/fiber/dist/events-b389eeca.esm.js:14395:36)
    at (app-pages-browser)/./node_modules/@react-three/fiber/dist/events-b389eeca.esm.js (http://localhost:3000/_next/static/chunks/_app-pages-browser_components_Background3D_tsx.js:62:1)
    at options.factory (http://localhost:3000/_next/static/chunks/webpack.js?v=1780087768388:715:31)
    at __webpack_require__ (http://localhost:3000/_next/static/chunks/webpack.js?v=1780087768388:37:33)
    at fn (http://localhost:3000/_next/static/chunks/webpack.js?v=1780087768388:371:21)
    at eval (webpack-internal:///(app-pages-browser)/./components/Background3D.tsx:6:76)
    at (app-pages-browser)/./components/Background3D.tsx (http://localhost:3000/_next/static/chunks/_app-pages-browser_components_Background3D_tsx.js:182:1)
    at options.factory (http://localhost:3000/_next/static/chunks/webpack.js?v=1780087768388:715:31)
    at __webpack_require__ (http://localhost:3000/_next/static/chunks/webpack.js?v=1780087768388:37:33)
    at fn (http://localhost:3000/_next/static/chunks/webpack.js?v=1780087768388:371:21)
[  526979ms] TypeError: Cannot read properties of undefined (reading 'S')
    at Tt.exports (webpack-internal:///(app-pages-browser)/./node_modules/@react-three/fiber/dist/events-b389eeca.esm.js:12996:512)
    at createReconciler (webpack-internal:///(app-pages-browser)/./node_modules/@react-three/fiber/dist/events-b389eeca.esm.js:14126:24)
    at eval (webpack-internal:///(app-pages-browser)/./node_modules/@react-three/fiber/dist/events-b389eeca.esm.js:14395:36)
    at (app-pages-browser)/./node_modules/@react-three/fiber/dist/events-b389eeca.esm.js (http://localhost:3000/_next/static/chunks/_app-pages-browser_components_Background3D_tsx.js:62:1)
    at options.factory (http://localhost:3000/_next/static/chunks/webpack.js?v=1780087768388:715:31)
    at __webpack_require__ (http://localhost:3000/_next/static/chunks/webpack.js?v=1780087768388:37:33)
    at fn (http://localhost:3000/_next/static/chunks/webpack.js?v=1780087768388:371:21)
    at eval (webpack-internal:///(app-pages-browser)/./components/Background3D.tsx:6:76)
    at (app-pages-browser)/./components/Background3D.tsx (http://localhost:3000/_next/static/chunks/_app-pages-browser_components_Background3D_tsx.js:182:1)
    at options.factory (http://localhost:3000/_next/static/chunks/webpack.js?v=1780087768388:715:31)
    at __webpack_require__ (http://localhost:3000/_next/static/chunks/webpack.js?v=1780087768388:37:33)
    at fn (http://localhost:3000/_next/static/chunks/webpack.js?v=1780087768388:371:21)
[  526979ms] TypeError: Cannot read properties of undefined (reading 'S')
    at Tt.exports (webpack-internal:///(app-pages-browser)/./node_modules/@react-three/fiber/dist/events-b389eeca.esm.js:12996:512)
    at createReconciler (webpack-internal:///(app-pages-browser)/./node_modules/@react-three/fiber/dist/events-b389eeca.esm.js:14126:24)
    at eval (webpack-internal:///(app-pages-browser)/./node_modules/@react-three/fiber/dist/events-b389eeca.esm.js:14395:36)
    at (app-pages-browser)/./node_modules/@react-three/fiber/dist/events-b389eeca.esm.js (http://localhost:3000/_next/static/chunks/_app-pages-browser_components_Background3D_tsx.js:62:1)
    at options.factory (http://localhost:3000/_next/static/chunks/webpack.js?v=1780087768388:715:31)
    at __webpack_require__ (http://localhost:3000/_next/static/chunks/webpack.js?v=1780087768388:37:33)
    at fn (http://localhost:3000/_next/static/chunks/webpack.js?v=1780087768388:371:21)
    at eval (webpack-internal:///(app-pages-browser)/./components/Background3D.tsx:6:76)
    at (app-pages-browser)/./components/Background3D.tsx (http://localhost:3000/_next/static/chunks/_app-pages-browser_components_Background3D_tsx.js:182:1)
    at options.factory (http://localhost:3000/_next/static/chunks/webpack.js?v=1780087768388:715:31)
    at __webpack_require__ (http://localhost:3000/_next/static/chunks/webpack.js?v=1780087768388:37:33)
    at fn (http://localhost:3000/_next/static/chunks/webpack.js?v=1780087768388:371:21)
[  526979ms] TypeError: Cannot read properties of undefined (reading 'S')
    at Tt.exports (webpack-internal:///(app-pages-browser)/./node_modules/@react-three/fiber/dist/events-b389eeca.esm.js:12996:512)
    at createReconciler (webpack-internal:///(app-pages-browser)/./node_modules/@react-three/fiber/dist/events-b389eeca.esm.js:14126:24)
    at eval (webpack-internal:///(app-pages-browser)/./node_modules/@react-three/fiber/dist/events-b389eeca.esm.js:14395:36)
    at (app-pages-browser)/./node_modules/@react-three/fiber/dist/events-b389eeca.esm.js (http://localhost:3000/_next/static/chunks/_app-pages-browser_components_Background3D_tsx.js:62:1)
    at options.factory (http://localhost:3000/_next/static/chunks/webpack.js?v=1780087768388:715:31)
    at __webpack_require__ (http://localhost:3000/_next/static/chunks/webpack.js?v=1780087768388:37:33)
    at fn (http://localhost:3000/_next/static/chunks/webpack.js?v=1780087768388:371:21)
    at eval (webpack-internal:///(app-pages-browser)/./components/Background3D.tsx:6:76)
    at (app-pages-browser)/./components/Background3D.tsx (http://localhost:3000/_next/static/chunks/_app-pages-browser_components_Background3D_tsx.js:182:1)
    at options.factory (http://localhost:3000/_next/static/chunks/webpack.js?v=1780087768388:715:31)
    at __webpack_require__ (http://localhost:3000/_next/static/chunks/webpack.js?v=1780087768388:37:33)
    at fn (http://localhost:3000/_next/static/chunks/webpack.js?v=1780087768388:371:21)
[  526983ms] [ERROR] The above error occurred in the <NotFoundErrorBoundary> component:

    at Lazy
    at Suspense
    at div
    at LandingPage (webpack-internal:///(app-pages-browser)/./app/page.tsx:32:78)
    at ClientPageRoot (webpack-internal:///(app-pages-browser)/./node_modules/next/dist/client/components/client-page.js:14:11)
    at InnerLayoutRouter (webpack-internal:///(app-pages-browser)/./node_modules/next/dist/client/components/layout-router.js:243:11)
    at RedirectErrorBoundary (webpack-internal:///(app-pages-browser)/./node_modules/next/dist/client/components/redirect-boundary.js:74:9)
    at RedirectBoundary (webpack-internal:///(app-pages-browser)/./node_modules/next/dist/client/components/redirect-boundary.js:82:11)
    at NotFoundErrorBoundary (webpack-internal:///(app-pages-browser)/./node_modules/next/dist/client/components/not-found-boundary.js:76:9)
    at NotFoundBoundary (webpack-internal:///(app-pages-browser)/./node_modules/next/dist/client/components/not-found-boundary.js:84:11)
    at LoadingBoundary (webpack-internal:///(app-pages-browser)/./node_modules/next/dist/client/components/layout-router.js:348:11)
    at ErrorBoundary (webpack-internal:///(app-pages-browser)/./node_modules/next/dist/client/components/error-boundary.js:160:11)
    at InnerScrollAndFocusHandler (webpack-internal:///(app-pages-browser)/./node_modules/next/dist/client/components/layout-router.js:153:9)
    at ScrollAndFocusHandler (webpack-internal:///(app-pages-browser)/./node_modules/next/dist/client/components/layout-router.js:228:11)
    at RenderFromTemplateContext (webpack-internal:///(app-pages-browser)/./node_modules/next/dist/client/components/render-from-template-context.js:16:44)
    at OuterLayoutRouter (webpack-internal:///(app-pages-browser)/./node_modules/next/dist/client/components/layout-router.js:369:11)
    at main
    at body
    at html
    at RootLayout (Server)
    at RedirectErrorBoundary (webpack-internal:///(app-pages-browser)/./node_modules/next/dist/client/components/redirect-boundary.js:74:9)
    at RedirectBoundary (webpack-internal:///(app-pages-browser)/./node_modules/next/dist/client/components/redirect-boundary.js:82:11)
    at NotFoundErrorBoundary (webpack-internal:///(app-pages-browser)/./node_modules/next/dist/client/components/not-found-boundary.js:76:9)
    at NotFoundBoundary (webpack-internal:///(app-pages-browser)/./node_modules/next/dist/client/components/not-found-boundary.js:84:11)
    at DevRootNotFoundBoundary (webpack-internal:///(app-pages-browser)/./node_modules/next/dist/client/components/dev-root-not-found-boundary.js:33:11)
    at ReactDevOverlay (webpack-internal:///(app-pages-browser)/./node_modules/next/dist/client/components/react-dev-overlay/app/ReactDevOverlay.js:87:9)
    at HotReload (webpack-internal:///(app-pages-browser)/./node_modules/next/dist/client/components/react-dev-overlay/app/hot-reloader-client.js:321:11)
    at Router (webpack-internal:///(app-pages-browser)/./node_modules/next/dist/client/components/app-router.js:207:11)
    at ErrorBoundaryHandler (webpack-internal:///(app-pages-browser)/./node_modules/next/dist/client/components/error-boundary.js:113:9)
    at ErrorBoundary (webpack-internal:///(app-pages-browser)/./node_modules/next/dist/client/components/error-boundary.js:160:11)
    at AppRouter (webpack-internal:///(app-pages-browser)/./node_modules/next/dist/client/components/app-router.js:577:13)
    at ServerRoot (webpack-internal:///(app-pages-browser)/./node_modules/next/dist/client/app-index.js:112:27)
    at Root (webpack-internal:///(app-pages-browser)/./node_modules/next/dist/client/app-index.js:117:11)

React will try to recreate this component tree from scratch using the error boundary you provided, ReactDevOverlay. @ webpack-internal:///(app-pages-browser)/./node_modules/next/dist/client/app-index.js:32
